Workbook

Sheet MF 190(DTF101A)
A2: NAMA BARANG : MF 190 (DTF101A)
A4: TGL | B4: NAMA PT-PROYEK | C4: MASUK | D4: KELUAR | E4: SISA | F4: KETERANGAN
B5: SISA STOK 2017 | E5: 10569
A6: 43132 | B6: NINDYA KARYA-SDN 04 MERUYA 38+4 | C6: 42 | E6: =E5+C6-D6 -> 10611
A7: 43132 | B7: ACSET-MCC | C7: 13 | E7: =E6+C7-D7 -> 10624
A8: 43132 | B8: GLOBAL-AROSA | C8: 3 | E8: =E7+C8-D8 -> 10627
A9: 43132 | B9: GLOBAL-AROSA | C9: 66 | E9: =E8+C9-D9 -> 10693
A10: 43132 | B10: TBP-LAVIE | C10: 82 | E10: =E9+C10-D10 -> 10775
A11: 43132 | B11: TBP-JO.JIEXPO | C11: 220 | E11: =E10+C11-D11 -> 10995
A12: 43160 | B12: INDONAKANO-PANASONIC GOBEL | C12: 151 | E12: =E11+C12-D12 -> 11146
A13: 43160 | B13: BHINEKA-AHM | C13: 295 | E13: =E12+C13-D13 -> 11441 | F13: COCOK
A14: 43191 | B14: BHINEKA-AHM | C14: 83 | E14: =E13+C14-D14 -> 11524
A15: 43191 | B15: GLOBAL-AROSA | C15: 22 | E15: =E14+C15-D15 -> 11546
A16: 43191 | B16: TBP-LAVIE | C16: 73 | E16: =E15+C16-D16 -> 11619
A17: 43191 | B17: TBP-BBSI.JO | C17: 82 | E17: =E16+C17-D17 -> 11701 | F17: COCOK
A18: 43221 | B18: TBP-LAVIE | C18: 55 | E18: =E17+C18-D18 -> 11756
A19: 43221 | B19: NINDYA KARYA-RS.HARKIT | C19: 99 | E19: =E18+C19-D19 -> 11855
A20: 43221 | B20: NINDYA KARYA-SDN 04 MERUYA | C20: 17 | E20: =E19+C20-D20 -> 11872
A21: 43221 | B21: BHINEKA-AHM | C21: 56 | E21: =E20+C21-D21 -> 11928
A22: 43221 | B22: INDONAKANO-PANASONIC GOBEL | C22: 55 | E22: =E21+C22-D22 -> 11983 | F22: COCOK
A23: 43252 | B23: TOTAL-BBSI.JO | C23: 82 | E23: =E22+C23-D23 -> 12065
A24: 43252 | B24: ACSET-MCC | C24: 100 | E24: =E23+C24-D24 -> 12165
A25: 43252 | B25: NINDYA KARYA-HARAPAN KITA | C25: 59 | E25: =E24+C25-D25 -> 12224
A26: 43282 | B26: WIKA-TRANS CIBUBUR | D26: 320 | E26: =E25+C26-D26 -> 11904
A27: 43313 | B27: NINDYA LTM KSO-PUSK.CILILITAN | C27: 35 | E27: =E26+C27-D27 -> 11939
A28: 43313 | B28: WIKA-TRANS CIBUBUR | D28: 410 | E28: =E27+C28-D28 -> 11529 | F28: COCOK
A29: 43313 | B29: INDONAKANO-THAI SUMMIT | C29: 80 | E29: =E28+C29-D29 -> 11609
A30: 43313 | B30: ACSET-VISTA | C30: 90 | E30: =E29+C30-D30 -> 11699
A31: 43344 | B31: TOTAL-BBSI.JO | C31: 83 | E31: =E30+C31-D31 -> 11782 | F31: COCOK
A32: 43374 | B32: ACSET-MCC | C32: 45 | E32: =E31+C32-D32 -> 11827
A33: 43374 | B33: NINDYA KARYA-SDN 04 MERUYA | C33: 7 | E33: =E32+C33-D33 -> 11834
A34: 43374 | B34: WIKA-TRANS CIBUBUR | D34: 300 | E34: =E33+C34-D34 -> 11534 | F34: COCOK
A35: 43405 | B35: TOTAL-BBSI.JO | C35: 83 | E35: =E34+C35-D35 -> 11617
A36: 43405 | B36: NINDYA KARYA-SDN KEB.JERUK 06 | C36: 13 | E36: =E35+C36-D36 -> 11630
A37: 43405 | B37: WIKA-TRANS CIBUBUR | D37: 400 | E37: =E36+C37-D37 -> 11230
A38: 43435 | B38: NINDYA KARYA-HARAPAN KITA | C38: 86 | E38: =E37+C38-D38 -> 11316
A39: 43435 | B39: WIKA-TRANS CIBUBUR 100+380 | D39: 480 | E39: =E38+C39-D39 -> 10836 | F39: COCOK
A40: 13/1/2018 | B40: ACSET-MCC | C40: 40 | E40: =E39+C40-D40 -> 10876
A41: 13/1/2018 | B41: BHINEKA CP-AHM | C41: 3 | E41: =E40+C41-D41 -> 10879
A42: 13/1/2018 | B42: TBP-LAVIE | C42: 19 | E42: =E41+C42-D42 -> 10898
A43: 13/1/2018 | B43: TOTAL-BBSI.JO | C43: 81 | E43: =E42+C43-D43 -> 10979
A44: 13/1/2018 | B44: WIKA-TRANS CIBUBUR 400 | D44: 400 | E44: =E43+C44-D44 -> 10579
A45: 14/1/2018 | B45: WIKA-TRANS CIBUBUR 420 | D45: 420 | E45: =E44+C45-D45 -> 10159
A46: 15/1/2018 | B46: BHINEKA-AHM | C46: 70 | E46: =E45+C46-D46 -> 10229
A47: 15/1/2018 | B47: ACSET-MCC | C47: 28 | E47: =E46+C47-D47 -> 10257
A48: 16/1/2018 | B48: TBP-BBSI.JO | C48: 53 | E48: =E47+C48-D48 -> 10310
A49: 16/1/2018 | B49: NINDYA KARYA-SDN 04 MERUYA | C49: 2 | E49: =E48+C49-D49 -> 10312 | F49: COCOK
A50: 17/1/2018 | B50: NINDYA LTM KSO-PUSK.CILILITAN | C50: 34 | E50: =E49+C50-D50 -> 10346
A51: 17/1/2018 | B51: NINDYA LTM KSO-MENGGARAI | C51: 8 | E51: =E50+C51-D51 -> 10354
A52: 17/1/2018 | B52: LENA-MENTENG | C52: 17 | E52: =E51+C52-D52 -> 10371
A53: 17/1/2018 | B53: NINDYA KARYA-RS.HARKIT | C53: 45 | E53: =E52+C53-D53 -> 10416
A54: 17/1/2018 | B54: JKA-JOB GDNG | C54: 42 | E54: =E53+C54-D54 -> 10458
A55: 18/1/2018 | B55: INDONAKANO-THAI SUMMIT | C55: 56 | E55: =E54+C55-D55 -> 10514
A56: 18/1/2018 | B56: TBP-LAVIE 61+60 | C56: 121 | E56: =E55+C56-D56 -> 10635
A57: 19/1/2018 | B57: NINDYA KARYA-HARAPAN KITA | C57: 39 | E57: =E56+C57-D57 -> 10674
A58: 19/1/2018 | B58: ACSET-MCC | C58: 22 | E58: =E57+C58-D58 -> 10696 | F58: COCOK
A59: 20/1/2018 | B59: TBP-LAVIE | C59: 35 | E59: =E58+C59-D59 -> 10731
A60: 20/1/2018 | B60: ACSET-MCC-GDNG CIKOKOL | C60: 82 | E60: =E59+C60-D60 -> 10813
A61: 20/1/2018 | B61: LENA-MENTENG | C61: 53 | E61: =E60+C61-D61 -> 10866
A62: 20/1/2018 | B62: CONCREAT-EBONY KAPUK | D62: 92 | E62: =E61+C62-D62 -> 10774
A63: 21/1/2018 | B63: WIKA-TRANS CIBUBUR | D63: 50 | E63: =E62+C63-D63 -> 10724 | F63: COCOK
A64: 22/1/2018 | B64: TBP-LAVIE | C64: 65 | E64: =E63+C64-D64 -> 10789
A65: 22/1/2018 | B65: TBP-BBSI.JO | C65: 149 | E65: =E64+C65-D65 -> 10938
A66: 23/1/2018 | B66: TBP-LAVIE | C66: 26 | E66: =E65+C66-D66 -> 10964
A67: 23/1/2018 | B67: ACSET-WEST VISTA | C67: 48 | E67: =E66+C67-D67 -> 11012 | F67: COCOK
A68: 24/1/2018 | B68: NINDYA KARYA-RS.HARKIT | C68: 15 | E68: =E67+C68-D68 -> 11027 | F68: COCOK
A69: 25/1/2018 | B69: TBP-LAVIE | C69: 10 | E69: =E68+C69-D69 -> 11037
A70: 25/1/2018 | B70: TBP-PAKUBUWONO | C70: 42 | E70: =E69+C70-D70 -> 11079
A71: 25/1/2018 | B71: ACSET-WEST VISTA | C71: 100 | E71: =E70+C71-D71 -> 11179
A72: 25/1/2018 | B72: NINDYA KARYA - VENUE LAYAR | D72: 200 | E72: =E71+C72-D72 -> 10979
A73: 26/1/2018 | B73: CONCREAT-JL.MPR R.DLM CILANDAK | C73: 47 | E73: =E72+C73-D73 -> 11026
A74: 26/1/2018 | B74: INDONAKANO-PANASONIC | C74: 96 | E74: =E73+C74-D74 -> 11122
A75: 26/1/2018 | B75: PMI-TOTO 39+43 | C75: 82 | E75: =E74+C75-D75 -> 11204 | F75: COCOK
A76: 27/1/2018 | B76: ACSET-MCC | C76: 11 | E76: =E75+C76-D76 -> 11215
A77: 27/1/2018 | B77: WIKA-TRANS CIBUBUR 300+100 | D77: 400 | E77: =E76+C77-D77 -> 10815
A78: 29/1/2018 | B78: NINDYA KARYA-HARKIT | C78: 67 | E78: =E77+C78-D78 -> 10882
A79: 29/1/2018 | B79: WIKA-TRANS CIBUBUR | D79: 300 | E79: =E78+C79-D79 -> 10582 | F79: COCOK
A80: 30/1/2018 | B80: TBP-PAKUBUWONO | C80: 56 | E80: =E79+C80-D80 -> 10638
A81: 30/1/2018 | B81: NINDYA-LTM KSO | C81: 4 | E81: =E80+C81-D81 -> 10642
A82: 30/1/2018 | B82: ACSET-MCC | C82: 30 | E82: =E81+C82-D82 -> 10672
A83: 30/1/2018 | B83: WIKA-TRANS CIBUBUR | D83: 250 | E83: =E82+C83-D83 -> 10422 | F83: COCOK
A84: 31/1/2018 | B84: TBP-PAKUBUWONO | C84: 6 | E84: =E83+C84-D84 -> 10428
A85: 31/1/2018 | B85: NINDYA KARYA-HARKIT | C85: 47 | E85: =E84+C85-D85 -> 10475
A86: 31/1/2018 | B86: ACSET-MCC | C86: 6 | E86: =E85+C86-D86 -> 10481 | F86: COCOK
A87: 43102 | B87: NINDYA-LTM KSO | C87: 2 | E87: =E86+C87-D87 -> 10483
A88: 43102 | B88: ACSET-WEST VISTA | C88: 62 | E88: =E87+C88-D88 -> 10545
A89: 43102 | B89: NINDYA KARYA-VENUE LAYAR | D89: 200 | E89: =E88+C89-D89 -> 10345 | F89: COCOK
A90: 43133 | B90: GLOBAL-AROSA | C90: 7 | E90: =E89+C90-D90 -> 10352
A91: 43133 | B91: INDONAKANO-THAI SUMMIT | C91: 110 | E91: =E90+C91-D91 -> 10462
A92: 43133 | B92: ACSET-VISTA | C92: 21 | E92: =E91+C92-D92 -> 10483 | F92: COCOK
A93: 43161 | B93: NINDYA KARYA-HARKIT | C93: 13 | E93: =E92+C93-D93 -> 10496
A94: 43161 | B94: NINDYA KARYA-TERPADU TAMBORA | C94: 24 | E94: =E93+C94-D94 -> 10520 | F94: COCOK
A95: 43222 | B95: TBP-LAVIE | C95: 25 | E95: =E94+C95-D95 -> 10545
A96: 43222 | B96: NINDYA KARYA-HARKIT | C96: 42 | E96: =E95+C96-D96 -> 10587
A97: 43222 | B97: INDONAKANO-YAMADA | C97: 12 | E97: =E96+C97-D97 -> 10599
A98: 43222 | B98: LENA-MENTENG | C98: 76 | E98: =E97+C98-D98 -> 10675 | F98: COCOK
A99: 43253 | B99: NINDYA - LTM KSO-PUSKESMAS MANGGARAI | C99: 10 | E99: =E98+C99-D99 -> 10685
A100: 43253 | B100: POLABAJA-TOYOTA BT CEPER | C100: 52 | E100: =E99+C100-D100 -> 10737 | F100: COCOK
A101: 43283 | B101: TBP-PAKUBUWONO | C101: 21 | E101: =E100+C101-D101 -> 10758
A102: 43283 | B102: NINDYA - LTM KSO-BIDARA CINA | C102: 4 | E102: =E101+C102-D102 -> 10762
...

Sheet MF170(DTF101)
A2: NAMA BARANG : MF 170 (DTF101)
A4: TGL | B4: NAMA PT-PROYEK | C4: MASUK | D4: KELUAR | E4: SISA | F4: KETERANGAN
B5: STOK ALAT 2017 | E5: 8697
A6: 43132 | B6: NINDYA KARYA-SDN 04 MERUYA 42+5 | C6: 47 | E6: =E5+C6-D6 -> 8744
A7: 43132 | B7: ACSET-MCC | C7: 7 | E7: =E6+C7-D7 -> 8751
A8: 43132 | B8: GLOBAL-AROSA | C8: 2 | E8: =E7+C8-D8 -> 8753
A9: 43132 | B9: GLOBAL-AROSA | C9: 27 | E9: =E8+C9-D9 -> 8780
A10: 43160 | B10: BHINEKA-AHM 15+200 | C10: 215 | E10: =E9+C10-D10 -> 8995
A11: 43160 | B11: IDEA MANDIRI | C11: 100 | E11: =E10+C11-D11 -> 9095 | F11: COCOK
A12: 43191 | B12: TBP-LAVIE | C12: 1 | E12: =E11+C12-D12 -> 9096
A13: 43221 | B13: NINDYA KARYA-RS.HARKIT | C13: 121 | E13: =E12+C13-D13 -> 9217
A14: 43221 | B14: NINDYA.LTM KSO-PUSK.CEGER | C14: 58 | E14: =E13+C14-D14 -> 9275
A15: 43221 | B15: NINDYA KARYA-SDN 04 MERUYA | C15: 19 | E15: =E14+C15-D15 -> 9294
A16: 43221 | B16: BHINEKA-AHM | C16: 91 | E16: =E15+C16-D16 -> 9385
A17: 42856 | B17: INDONAKANO-GOBEL | C17: 50 | E17: =E16+C17-D17 -> 9435 | F17: COCOK
A18: 43252 | B18: NINDYA KARYA-HARAPAN KITA | C18: 107 | E18: =E17+C18-D18 -> 9542
A19: 43252 | B19: PMI-TOTO | C19: 85 | E19: =E18+C19-D19 -> 9627
A20: 43313 | B20: NINDYA LTM KSO-PUSK.CILILITAN | C20: 61 | E20: =E19+C20-D20 -> 9688
A21: 43313 | B21: INDONAKANO-PANASONIC | C21: 1 | E21: =E20+C21-D21 -> 9689 | F21: COCOK
A22: 43313 | B22: INDONAKANO-THAI SUMMIT | C22: 3 | E22: =E21+C22-D22 -> 9692
A23: 43344 | B23: INDONAKANO-SEIWA | C23: 96 | E23: =E22+C23-D23 -> 9788 | F23: COCOK
A24: 43374 | B24: INDONAKANO-SEIWA | C24: 51 | E24: =E23+C24-D24 -> 9839
A25: 43374 | B25: ACSET-MCC | C25: 10 | E25: =E24+C25-D25 -> 9849
A26: 43374 | B26: NINDYA KARYA-SDN 04 MERUYA | C26: 11 | E26: =E25+C26-D26 -> 9860
A27: 43374 | B27: NINDYA KARYA-PUSK.CMPK PUTIH | C27: 60 | E27: =E26+C27-D27 -> 9920 | F27: COCOK
A28: 43405 | B28: NINDYA KARYA-SDN KEB.JERUK 06 | C28: 4 | E28: =E27+C28-D28 -> 9924
A29: 43435 | B29: NINDYA KARYA-HARAPAN KITA | C29: 91 | E29: =E28+C29-D29 -> 10015 | F29: COCOK
A30: 13/1/2018 | B30: PMI-TOTO | C30: 21 | E30: =E29+C30-D30 -> 10036
A31: 13/1/2018 | B31: ACSET-MCC | C31: 20 | E31: =E30+C31-D31 -> 10056
A32: 13/1/2018 | B32: BHINEKA CP-AHM | C32: 11 | E32: =E31+C32-D32 -> 10067
A33: 15/1/2018 | B33: NINDYA-LTM KSO-JOHAR BARU | C33: 57 | E33: =E32+C33-D33 -> 10124
A34: 15/1/2018 | B34: BHINEKA-AHM | C34: 27 | E34: =E33+C34-D34 -> 10151
A35: 15/1/2018 | B35: ACSET-MCC | C35: 14 | E35: =E34+C35-D35 -> 10165
A36: 15/1/2018 | B36: WIKA-TRANS CIBUBUR | D36: 350 | E36: =E35+C36-D36 -> 9815
A37: 15/1/2018 | B37: WIKA-TRANS CIBUBUR | D37: 450 | E37: =E36+C37-D37 -> 9365
A38: 16/1/2018 | B38: NINDYA KARYA-SDN 04 MERUYA | C38: 2 | E38: =E37+C38-D38 -> 9367
A39: 16/1/2018 | B39: WIKA-TRANS CIBUBUR | D39: 400 | E39: =E38+C39-D39 -> 8967 | F39: COCOK
A40: 17/1/2018 | B40: NINDYA-LTM KSO-PUSK.CEGER | C40: 53 | E40: =E39+C40-D40 -> 9020
A41: 17/1/2018 | B41: NINDYA LTM KSO- PUSK. CILILTAN | C41: 35 | E41: =E40+C41-D41 -> 9055
A42: 17/1/2018 | B42: NINDYA LTM KSO-MENGGARAI | C42: 69 | E42: =E41+C42-D42 -> 9124
A43: 17/1/2018 | B43: LENA-MENTENG | C43: 100 | E43: =E42+C43-D43 -> 9224
A44: 17/1/2018 | B44: NINDYA KARYA-RS.HARKIT | C44: 11 | E44: =E43+C44-D44 -> 9235
A45: 17/1/2018 | B45: TBP-PAKUBUWONO | D45: 6 | E45: =E44+C45-D45 -> 9229
A46: 17/1/2018 | B46: JKA-JOB GDNG | C46: 2 | E46: =E45+C46-D46 -> 9231
A47: 18/1/2018 | B47: TBP-LAVIE | C47: 1 | E47: =E46+C47-D47 -> 9232
A48: 19/1/2018 | B48: NINDYA KARYA-HARAPAN KITA | C48: 21 | E48: =E47+C48-D48 -> 9253
A49: 19/1/2018 | B49: ACSET-MCC | C49: 33 | E49: =E48+C49-D49 -> 9286 | F49: COCOK
A50: 20/1/2018 | B50: TBP-LAVIE | C50: 1 | E50: =E49+C50-D50 -> 9287
A51: 20/1/2018 | B51: LENA-MENTENG | C51: 30 | E51: =E50+C51-D51 -> 9317
A52: 21/1/2018 | B52: WIKA-TRANS CIBUBUR | D52: 100 | E52: =E51+C52-D52 -> 9217 | F52: COCOK
A53: 22/1/2018 | B53: NKE-CHADSTONE | D53: 430 | E53: =E52+C53-D53 -> 8787
A54: 22/1/2018 | B54: WIKA-TRANS CIBUBUR | D54: 300 | E54: =E53+C54-D54 -> 8487
A55: 23/1/2018 | B55: IDEA MANDIRI | C55: 27 | E55: =E54+C55-D55 -> 8514
A56: 23/1/2018 | B56: WIKA-TRANS CIBUBUR | D56: 270 | E56: =E55+C56-D56 -> 8244 | F56: COCOK
A57: 24/1/2018 | B57: INDONAKANO-HIRUTA | C57: 29 | E57: =E56+C57-D57 -> 8273
A58: 24/1/2018 | B58: NINDYA KARYA-RS.HARKIT | C58: 32 | E58: =E57+C58-D58 -> 8305
A59: 24/1/2018 | B59: CSQC-NKE | D59: 140 | E59: =E58+C59-D59 -> 8165
A60: 24/1/2018 | B60: WIKA-TRANS CIBUBUR 83+85 | D60: 168 | E60: =E59+C60-D60 -> 7997 | F60: COCOK
A61: 25/1/2018 | B61: NINDYA-LTM KSO.PUSK-MANGGARAI | C61: 82 | E61: =E60+C61-D61 -> 8079
A62: 25/1/2018 | B62: INDONAKANO-SEIWA | D62: 29 | E62: =E61+C62-D62 -> 8050
A63: 25/1/2018 | B63: WIKA GEDUNG-TRANS CIBUBUR | D63: 300 | E63: =E62+C63-D63 -> 7750
A64: 25/1/2018 | B64: NINDYA KARYA - VENUE LAYAR | D64: 100 | E64: =E63+C64-D64 -> 7650
A65: 26/1/2018 | B65: INDONAKANO-PANASONIC | C65: 70 | E65: =E64+C65-D65 -> 7720
A66: 26/1/2018 | B66: WIKA-TRANS CIBUBUR | D66: 300 | E66: =E65+C66-D66 -> 7420 | F66: COCOK
A67: 27/1/2018 | B67: WIKA-TRANS CIBUBUR | D67: 150 | E67: =E66+C67-D67 -> 7270
A68: 29/1/2018 | B68: NINDYA KARYA-HARAPAN KITA | C68: 53 | E68: =E67+C68-D68 -> 7323
A69: 29/1/2018 | B69: WIKA-TRANS CIBUBUR | D69: 250 | E69: =E68+C69-D69 -> 7073 | F69: COCOK
A70: 30/1/2018 | B70: NINDYA-LTM KSO | C70: 110 | E70: =E69+C70-D70 -> 7183
A71: 30/1/2018 | B71: ACSET-MCC | C71: 4 | E71: =E70+C71-D71 -> 7187
A72: 30/1/2018 | B72: WIKA-TRANS CIBUBUR | D72: 62 | E72: =E71+C72-D72 -> 7125 | F72: COCOK
A73: 31/1/2018 | B73: NINDYA KARYA-HARKIT | C73: 33 | E73: =E72+C73-D73 -> 7158 | F73: COCOK
A74: 43102 | B74: NINDYA-LTM KSO | C74: 25 | E74: =E73+C74-D74 -> 7183 | F74: COCOK
A75: 43133 | B75: GLOBAL-AROSA | C75: 5 | E75: =E74+C75-D75 -> 7188 | F75: COCOK
A76: 43161 | B76: NINDYA KARYA-HARKIT | C76: 13 | E76: =E75+C76-D76 -> 7201
A77: 43161 | B77: NINDYA KARYA-TERPADU TAMBORA | C77: 30 | E77: =E76+C77-D77 -> 7231 | F77: COCOK
A78: 43222 | B78: TBP-LAVIE | C78: 1 | E78: =E77+C78-D78 -> 7232
A79: 43222 | B79: NINDYA KARYA-HARKIT | C79: 38 | E79: =E78+C79-D79 -> 7270
A80: 43222 | B80: INDONAKANO-YAMADA | C80: 4 | E80: =E79+C80-D80 -> 7274
A81: 43222 | B81: LENA-MENTENG | C81: 4 | E81: =E80+C81-D81 -> 7278
A82: 43222 | B82: NINDYA -KTM KSO | C82: 15 | E82: =E81+C82-D82 -> 7293
A83: 43222 | B83: WIKA-TRANS CIBUBUR | D83: 250 | E83: =E82+C83-D83 -> 7043 | F83: COCOK
A84: 43253 | B84: NINDYA - LTM KSO-PUSKESMAS MANGGARAI | C84: 73 | E84: =E83+C84-D84 -> 7116
A85: 43253 | B85: NINDYA - LTM KSO-PUSK. JOHAR BARU | C85: 111 | E85: =E84+C85-D85 -> 7227
A86: 43253 | B86: IMP-GUDANG BRG TITIPAN | C86: 500 | E86: =E85+C86-D86 -> 7727 | F86: COCOK
A87: 43283 | B87: NINDYA - LTM KSO-BIDARA CINA | C87: 18 | E87: =E86+C87-D87 -> 7745
A88: 43283 | B88: NINDYA - LTM KSO-PUSK.SEMPER BARAT III | C88: 22 | E88: =E87+C88-D88 -> 7767
A89: 43283 | B89: NINDYA KARYA-VENUE LAYAR | D89: 100 | E89: =E88+C89-D89 -> 7667
A90: 43283 | B90: WIKA-TRANS CIBUBUR | D90: 250 | E90: =E89+C90-D90 -> 7417
A91: 43314 | B91: INDONAKANO-HIRUTA | C91: 54 | E91: =E90+C91-D91 -> 7471
A92: 43314 | B92: NINDYA-LTM KSO PUSK.MANGGARAI | C92: 14 | E92: =E91+C92-D92 -> 7485
A93: 43314 | B93: PT.WIKA-TRANS CIBUBUR | D93: 400 | E93: =E92+C93-D93 -> 7085
A94: 43345 | B94: NINDYA-LTM KSO-PUSK.PADEMANGAN | C94: 7 | E94: =E93+C94-D94 -> 7092
A95: 43345 | B95: NINDYA-LTM KSO-PUSK.KEBON SIRIH | C95: 118 | E95: =E94+C95-D95 -> 7210
A96: 43345 | B96: NINDYA KARYA-VENUE LAYAR | D96: 100 | E96: =E95+C96-D96 -> 7110
A97: 43375 | B97: IMP-GUDANG BRG TITIPAN | C97: 500 | E97: =E96+C97-D97 -> 7610
A98: 43375 | B98: TBP-GOP-BSD | D98: 40 | E98: =E97+C98-D98 -> 7570
A99: 43436 | B99: IMP-GUDANG BRG TITIPAN | C99: 219 | E99: =E98+C99-D99 -> 7789
A100: 13/2/2018 | B100: INTERDESIGN-HOTEL SULTAN | C100: 60 | E100: =E99+C100-D100 -> 7849
A101: 13/2/2018 | B101: NINDYA-LTM KSO-JOHAR BARU | C101: 73 | E101: =E100+C101-D101 -> 7922
A102: 13/2/2018 | B102: INDONAKANO-HIRUTA | C102: 97 | E102: =E101+C102-D102 -> 8019
...

Sheet MF150
A2: NAMA BARANG : MF 150
A4: TGL | B4: NAMA PT-PROYEK | C4: MASUK | D4: KELUAR | E4: SISA | F4: KETERANGAN
B5: SISA STOK 2017 | E5: 524
A6: 13/1/2018 | B6: TOTAL-BBSI.JO | C6: 2 | E6: =E5+C6-D6 -> 526
A7: 27/2/2018 | B7: PT.BHINEKA-PERMATA BUANA | C7: 100 | E7: =E6+C7-D7 -> 626
A8: 28/2/2018 | B8: BHINEKA-PERMATA BUANA | C8: 100 | E8: =E7+C8-D8 -> 726 | F8: COCOK
A9: 24/5/2018 | B9: TBP-BBSI.JO | C9: 1 | E9: =E8+C9-D9 -> 727 | F9: COCOK
A10: 43165 | B10: PAK. HAJI | D10: 1 | E10: =E9+C10-D10 -> 726 | F10: COCOK

Sheet LD120
A2: NAMA BARANG : LD120
A4: TGL | B4: NAMA PT-PROYEK | C4: MASUK | D4: KELUAR | E4: SISA | F4: KETERANGAN
B5: SISA STOK 2017 | E5: 2089
A6: 22/2/2018 | B6: TBP-BURSA EFEK-SUDIRMAN | D6: 60 | E6: =E5+C6-D6 -> 2029
A7: 43134 | B7: TBP-BURSA EFEK SUDIRMAN | D7: 10 | E7: =E6+C7-D7 -> 2019
A8: 43134 | B8: TBP-BURSA EFEK SUDIRMAN | D8: 70 | E8: =E7+C8-D8 -> 1949
A9: 22/3/2018 | B9: TBP-BURSA EFEK SUDIRMAN | C9: 47 | E9: =E8+C9-D9 -> 1996
A10: 28/3/2018 | B10: TBP-BEJ - SUDIRMAN | C10: 91 | E10: =E9+C10-D10 -> 2087 | F10: COCOK
A11: 43224 | B11: GELOBAL-WISMA FAJAR | D11: 85 | E11: =E10+C11-D11 -> 2002
A12: 43255 | B12: GLOBAL-WISMA FAJAR | D12: 45 | E12: =E11+C12-D12 -> 1957 | F12: COCOK
A13: 17/4/2018 | B13: GELORA-WISMA FAJAR SENAYAN | D13: 32 | E13: =E12+C13-D13 -> 1925
A14: 18/4/2018 | B14: GELORA-WISMA FAJAR SENAYAN | D14: 84 | E14: =E13+C14-D14 -> 1841 | F14: COCOK
A15: 19/4/2018 | B15: GELORA-WISMA FAJAR SENAYAN | D15: 175 | E15: =E14+C15-D15 -> 1666 | F15: COCOK
A16: 43225 | B16: GELORA-WISMA FAJAR | D16: 30 | E16: =E15+C16-D16 -> 1636 | F16: COCOK
A17: 43286 | B17: GELORA-WISMA FAJAR | D17: 110 | E17: =E16+C17-D17 -> 1526
A18: 43165 | B18: BPK HAJI | D18: 4 | E18: =E17+C18-D18 -> 1522 | F18: COCOK

Sheet LD90(STF90)
A1: NAMA BARANG : LD90 (STF 90) STAIR TYPE FRAME 90
A3: TGL | B3: NAMA PT-PROYEK | C3: MASUK | D3: KELUAR | E3: SISA | F3: KETERANGAN
B4: SISA STOK 2017 | E4: 7475
A5: 43132 | B5: NINDYA KARYA-SDN 04 MERUYA 21+5 | C5: 26 | E5: =E4+C5-D5 -> 7501
A6: 43132 | B6: ACSET-MCC | C6: 10 | E6: =E5+C6-D6 -> 7511
A7: 43160 | B7: BHINEKA-AHM | C7: 110 | E7: =E6+C7-D7 -> 7621
A8: 43160 | B8: IDEA MANDIRI | C8: 10 | E8: =E7+C8-D8 -> 7631 | F8: COCOK
A9: 43191 | B9: BHINEKA-AHM | C9: 146 | E9: =E8+C9-D9 -> 7777 | F9: COCOK
A10: 43221 | B10: NINDYA KARYA-RS.HARKIT | C10: 24 | E10: =E9+C10-D10 -> 7801
A11: 43221 | B11: NINDYA KARYA-SDN 04 MERUYA | C11: 8 | E11: =E10+C11-D11 -> 7809
A12: 43221 | B12: BHINEKA-AHM | C12: 119 | E12: =E11+C12-D12 -> 7928
A13: 43221 | B13: INDONAKANO-PANASONIC GOBEL | C13: 332 | E13: =E12+C13-D13 -> 8260 | F13: COCOK
A14: 43252 | B14: NINDYA KARYA-HARAPAN KITA | C14: 142 | E14: =E13+C14-D14 -> 8402
A15: 43252 | B15: PMI-TOTO | C15: 30 | E15: =E14+C15-D15 -> 8432
A16: 43313 | B16: NINDYA LTM-KSO | C16: 3 | E16: =E15+C16-D16 -> 8435 | F16: COCOK
A17: 43344 | B17: BHINEKA-AHM | C17: 154 | E17: =E16+C17-D17 -> 8589 | F17: COCOK
A18: 43374 | B18: INDONAKANO-SEIWA | C18: 2 | E18: =E17+C18-D18 -> 8591
A19: 43374 | B19: ACSET-MCC | C19: 26 | E19: =E18+C19-D19 -> 8617
A20: 43374 | B20: NINDYA KARYA-SDN 04 MERUYA | C20: 4 | E20: =E19+C20-D20 -> 8621
A21: 43374 | B21: NINDYA KARYA-TAMBORA | C21: 24 | E21: =E20+C21-D21 -> 8645
A22: 43374 | B22: NINDYA KARYA-PUSK.CMPK PUTIH | C22: 2 | E22: =E21+C22-D22 -> 8647 | F22: COCOK
A23: 43405 | B23: NINDYA KARYA-SDN KEB.JERUK 06 | C23: 15 | E23: =E22+C23-D23 -> 8662
A24: 43405 | B24: BHINEKA-AHM | C24: 224 | E24: =E23+C24-D24 -> 8886
A25: 43435 | B25: NINDYA KARYA-HARAPAN KITA | C25: 91 | E25: =E24+C25-D25 -> 8977
A26: 43405 | B26: NINDYA - LTM KSO | C26: 167 | E26: =E25+C26-D26 -> 9144 | F26: COCOK
A27: 13/1/2018 | B27: BHINEKA CP-AHM | C27: 20 | E27: =E26+C27-D27 -> 9164
A28: 15/1/2018 | B28: BHINEKA-AHM | C28: 23 | E28: =E27+C28-D28 -> 9187
A29: 15/1/2018 | B29: ACSET-MCC | C29: 23 | E29: =E28+C29-D29 -> 9210
A30: 16/1/2018 | B30: INDONAKANO-THAI SUMMIT | C30: 60 | E30: =E29+C30-D30 -> 9270 | F30: COCOK
A31: 17/1/2018 | B31: NINDYA LTM KSO-PUSK.CILILITAN | C31: 3 | E31: =E30+C31-D31 -> 9273
A32: 17/1/2018 | B32: NINDYA LTM KSO-MENGGARAI | C32: 40 | E32: =E31+C32-D32 -> 9313
A33: 17/1/2018 | B33: PMI-TOTO(CIKOKOL) | C33: 77 | E33: =E32+C33-D33 -> 9390
A34: 17/1/2018 | B34: NINDYA KARYA-RS.HARKIT | C34: 49 | E34: =E33+C34-D34 -> 9439
A35: 17/1/2018 | B35: JKA-JOB GDNG | C35: 4 | E35: =E34+C35-D35 -> 9443
A36: 18/1/2018 | B36: INDONAKANO-THAI SUMMIT | C36: 38 | E36: =E35+C36-D36 -> 9481
A37: 18/1/2018 | B37: TBP-LAVIE | C37: 10 | E37: =E36+C37-D37 -> 9491
A38: 18/1/2018 | B38: NKE-CNQC-CHADSTONE | D38: 100 | E38: =E37+C38-D38 -> 9391
A39: 19/1/2018 | B39: NINDYA KARYA-HARAPAN KITA | C39: 26 | E39: =E38+C39-D39 -> 9417
A40: 19/1/2018 | B40: ACSET-MCC | C40: 13 | E40: =E39+C40-D40 -> 9430 | F40: COCOK
A41: 20/1/2018 | B41: LENA-MENTENG | C41: 51 | E41: =E40+C41-D41 -> 9481 | F41: COCOK
A42: 24/1/2018 | B42: NINDYA KARYA-RS.HARKIT | C42: 22 | E42: =E41+C42-D42 -> 9503
A43: 25/1/2018 | B43: NINDYA-LTM KSO.PUSK-MANGGARAI | C43: 18 | E43: =E42+C43-D43 -> 9521
A44: 26/1/2018 | B44: TBP-LAVIE | C44: 30 | E44: =E43+C44-D44 -> 9551
A45: 26/1/2018 | B45: INDONAKANO-PANASONIC GOBEL | C45: 22 | E45: =E44+C45-D45 -> 9573
A46: 26/1/2018 | B46: NINDYA KARYA-VANUE | D46: 67 | E46: =E45+C46-D46 -> 9506 | F46: COCOK
A47: 27/1/2018 | B47: NINDYA KARYA-VENUE LAYAR | D47: 133 | E47: =E46+C47-D47 -> 9373
A48: 28/1/2018 | B48: INDONAKANO-PANASONIC GOBEL | C48: 3 | E48: =E47+C48-D48 -> 9376
A49: 29/1/2018 | B49: NINDYA KARYA-HARAPAN KITA | C49: 11 | E49: =E48+C49-D49 -> 9387 | F49: COCOK
A50: 30/1/2018 | B50: ACSET-MCC | C50: 21 | E50: =E49+C50-D50 -> 9408 | F50: COCOK
A51: 31/1/2018 | B51: NINDYA KARYA-HARKIT | C51: 10 | E51: =E50+C51-D51 -> 9418 | F51: COCOK
A52: 43102 | B52: NINDYA KARYA-VENUE LAYAR | D52: 200 | E52: =E51+C52-D52 -> 9218
A53: 43161 | B53: NINDYA KARYA-HARKIT | C53: 11 | E53: =E52+C53-D53 -> 9229
A54: 43161 | B54: NINDYA KARYA-SEKOLAH TAMBORA | C54: 4 | E54: =E53+C54-D54 -> 9233 | F54: COCOK
A55: 43222 | B55: NINDYA KARYA-HARKIT | C55: 44 | E55: =E54+C55-D55 -> 9277
A56: 43222 | B56: INDONAKANO-YAMADA | C56: 1 | E56: =E55+C56-D56 -> 9278
A57: 43222 | B57: LENA-MENTENG | C57: 24 | E57: =E56+C57-D57 -> 9302
A58: 43222 | B58: NINDYA -KTM KSO MANGGARAI | C58: 24 | E58: =E57+C58-D58 -> 9326 | F58: COCOK
A59: 43253 | B59: NINDYA - LTM KSO-PUSKESMAS MANGGARAI | C59: 14 | E59: =E58+C59-D59 -> 9340
A60: 43253 | B60: NINDYA - LTM KSO-PUSK. JOHAR BARU | C60: 12 | E60: =E59+C60-D60 -> 9352 | F60: COCOK
A61: 43283 | B61: NINDYA - LTM KSO-BIDARA CINA | C61: 3 | E61: =E60+C61-D61 -> 9355
A62: 43314 | B62: INDONAKANO-HIRUTA | C62: 3 | E62: =E61+C62-D62 -> 9358
A63: 43314 | B63: NINDYA-LTM KSO PUSK.MANGGARAI | C63: 10 | E63: =E62+C63-D63 -> 9368
A64: 43324 | B64: NINDYA KARYA-HARKIT | C64: 7 | E64: =E63+C64-D64 -> 9375 | F64: COCOK
A65: 43345 | B65: NINDYA-LTM KSO-PUSK.PADEMANGAN | C65: 11 | E65: =E64+C65-D65 -> 9386
A66: 43345 | B66: NINDYA-LTM KSO-PUSK.KEBON SIRIH | C66: 22 | E66: =E65+C66-D66 -> 9408
A67: 43345 | B67: NINDYA KARYA-VENUE LAYAR | D67: 1 | E67: =E66+C67-D67 -> 9407 | F67: COCOK
A68: 43406 | B68: NINDYA KARYA-VANUE LAYAR | D68: 100 | E68: =E67+C68-D68 -> 9307
A69: 43436 | B69: IMP-GUDANG TITIPAN | C69: 141 | E69: =E68+C69-D69 -> 9448
A70: 43436 | B70: NINDYA KARYA-VANUE LAYAR | D70: 170 | E70: =E69+C70-D70 -> 9278 | F70: COCOK
A71: 13/2/2018 | B71: INDONAKANO-HIRUTA | C71: 7 | E71: =E70+C71-D71 -> 9285
A72: 13/2/2018 | B72: NINDYA KARYA-HARKIT | C72: 15 | E72: =E71+C72-D72 -> 9300
A73: 14/2/2018 | B73: ACSET-MCC | C73: 27 | E73: =E72+C73-D73 -> 9327
A74: 14/2/2018 | B74: NINDYA-LTM KSO-BIDARA CINA | C74: 3 | E74: =E73+C74-D74 -> 9330 | F74: COCOK
A75: 17/2/2018 | B75: TBP-VERDE KUNINGAN | C75: 26 | E75: =E74+C75-D75 -> 9356 | F75: COCOK
A76: 19/2/2018 | B76: TBP-VERDE KUNINGAN | C76: 89 | E76: =E75+C76-D76 -> 9445
A77: 19/2/2018 | B77: NINDYA KARYA-HARKIT | C77: 14 | E77: =E76+C77-D77 -> 9459
A78: 19/2/2018 | B78: PMI-TOTO | C78: 3 | E78: =E77+C78-D78 -> 9462
A79: 19/2/2018 | B79: PMI-TOTO | C79: 21 | E79: =E78+C79-D79 -> 9483
A80: 19/2/2018 | B80: PMI-TOTO | C80: 14 | E80: =E79+C80-D80 -> 9497
A81: 19/2/2018 | B81: ALI-MATARAM SENOPATI | C81: 34 | E81: =E80+C81-D81 -> 9531
A82: 21/2/2018 | B82: AVELO HOTEL | C82: 78 | E82: =E81+C82-D82 -> 9609
A83: 21/2/2018 | B83: ALI-MATARAM SENOPATI | C83: 68 | E83: =E82+C83-D83 -> 9677
A84: 23/2/2018 | B84: NINDYA KARYA-VENUE LAYAR | D84: 1 | E84: =E83+C84-D84 -> 9676
A85: 24/2/2018 | B85: CONCREAT-MATARAM ALI MARJUKI | C85: 35 | E85: =E84+C85-D85 -> 9711
A86: 26/2/2018 | B86: NINDYA-LTM KSO.PUSK-X-DERES | C86: 36 | E86: =E85+C86-D86 -> 9747
A87: 43103 | B87: BHINEKA-AHM | C87: 100 | E87: =E86+C87-D87 -> 9847
A88: 43103 | B88: PANTON-TRIDA BUANA CIPTA CIKUPA | D88: 200 | E88: =E87+C88-D88 -> 9647
A89: 43223 | B89: INDONAKANO-HIRUTA | C89: 13 | E89: =E88+C89-D89 -> 9660
A90: 43254 | B90: BCP-AHM | C90: 15 | E90: =E89+C90-D90 -> 9675
A91: 43254 | B91: NINDYA-LTM KSO-PUSKESMAS | C91: 39 | E91: =E90+C91-D91 -> 9714
A92: 43284 | B92: ALI-MATARAM SENOPATI | C92: 63 | E92: =E91+C92-D92 -> 9777
A93: 43284 | B93: BCP-AHM | C93: 15 | E93: =E92+C93-D93 -> 9792
A94: 43315 | B94: INDONAKANO-THAI SUMMIT | C94: 19 | E94: =E93+C94-D94 -> 9811
A95: 43376 | B95: BCP-AHM | C95: 40 | E95: =E94+C95-D95 -> 9851
A96: 43437 | B96: INDONAKANO-PANASONIC GOBEL | C96: 4 | E96: =E95+C96-D96 -> 9855
A97: 13/3/2018 | B97: BHINEKA-AHM | C97: 24 | E97: =E96+C97-D97 -> 9879 | F97: COCOK
A98: 14/3/2018 | B98: INDONAKANO-HIRUTA | C98: 4 | E98: =E97+C98-D98 -> 9883
A99: 15/3/2018 | B99: TBP-LAVIE | C99: 14 | E99: =E98+C99-D99 -> 9897
A100: 15/3/2018 | B100: TBP-CHITA LAND | D100: 100 | E100: =E99+C100-D100 -> 9797
A101: 16/3/2018 | B101: BCP-AHM | C101: 12 | E101: =E100+C101-D101 -> 9809
...

Sheet LD50
A2: NAMA BARANG : LD50
A4: TGL | B4: NAMA PT-PROYEK | C4: MASUK | D4: KELUAR | E4: SISA | F4: KETERANGAN
B5: SISA STOK 2017 | E5: 1289
A6: 43132 | B6: GLOBAL-AROSA | C6: 3 | E6: =E5+C6-D6 -> 1292
A7: 43132 | B7: GLOBAL-AROSA | C7: 28 | E7: =E6+C7-D7 -> 1320
A8: 43191 | B8: GLOBAL-AROSA | C8: 2 | E8: =E7+C8-D8 -> 1322
A9: 43191 | B9: POLABAJA-TOYOTA BT CEPER | C9: 75 | E9: =E8+C9-D9 -> 1397
A10: 43133 | B10: GLOBAL-AROSA | C10: 46 | E10: =E9+C10-D10 -> 1443
A11: 43253 | B11: POLABAJA-TOYOTA BT CEPER | C11: 9 | E11: =E10+C11-D11 -> 1452
A12: 27/2/2018 | B12: GLOBAL-AROSA | C12: 7 | E12: =E11+C12-D12 -> 1459
A13: 15/3/2018 | B13: GELOBAL-AROSA | C13: 3 | E13: =E12+C13-D13 -> 1462
A14: 23/3/2018 | B14: GELOBAL-AROSA | C14: 22 | E14: =E13+C14-D14 -> 1484
A15: 43377 | B15: GELOBAL-AROSA | C15: 12 | E15: =E14+C15-D15 -> 1496
A16: 30/4/2018 | B16: VASTORINDO-TOTO | C16: 8 | E16: =E15+C16-D16 -> 1504
A17: 43136 | B17: GELORA-AROSA BINTARO | C17: 6 | E17: =E16+C17-D17 -> 1510
A18: 43164 | B18: BHINEKA-BALARAJA | C18: 160 | E18: =E17+C18-D18 -> 1670
A19: 43348 | B19: BHINEKA-BALARAJA | C19: 165 | E19: =E18+C19-D19 -> 1835
A20: 25/5/2018 | B20: BCP-BALARAJA | C20: 18 | E20: =E19+C20-D20 -> 1853
A21: 43196 | B21: GELORA-AROSA BINTARO | C21: 11 | E21: =E20+C21-D21 -> 1864 | F21: COCOK

Sheet CB220(301A)
A1: NAMA BARANG : CB220 (301A)
A3: TGL | B3: NAMA PT-PROYEK | C3: MASUK | D3: KELUAR | E3: SISA | F3: KETERANGAN
B4: SISA STOK 2017 | E4: 7202
A5: 43132 | B5: TBP-JO.JIEXPO | C5: 110 | E5: =E4+C5-D5 -> 7312
A6: 43160 | B6: INDONAKANO-PANASONIC GOBEL | C6: 1160 | E6: =E5+C6-D6 -> 8472 | F6: COCOK
A7: 43191 | B7: GLOBAL-AROSA | C7: 130 | E7: =E6+C7-D7 -> 8602 | F7: COCOK
A8: 43221 | B8: NINDYA KARYA-RS.HARKIT | C8: 12 | E8: =E7+C8-D8 -> 8614
A9: 43221 | B9: NINDYA.LTM KSO-PUSK.CEGER | C9: 39 | E9: =E8+C9-D9 -> 8653
A10: 42856 | B10: BHINEKA-AHM | C10: 90 | E10: =E9+C10-D10 -> 8743 | F10: COCOK
A11: 42887 | B11: TOTAL-BBSI.JO | C11: 400 | E11: =E10+C11-D11 -> 9143
A12: 43252 | B12: PMI-TOTO | C12: 100 | E12: =E11+C12-D12 -> 9243
A13: 43282 | B13: WIKA-TRANS CIBUBUR | D13: 600 | E13: =E12+C13-D13 -> 8643
A14: 43313 | B14: NINDYA.LTM KSO-PUSK.CILILITAN | C14: 10 | E14: =E13+C14-D14 -> 8653
A15: 43313 | B15: INDONAKANO-PANASONIC GOBEL | C15: 11 | E15: =E14+C15-D15 -> 8664
A16: 43313 | B16: WIKA-TRANS CIBUBUR | D16: 410 | E16: =E15+C16-D16 -> 8254 | F16: COCOK
A17: 43313 | B17: INDONAKANO-THAISUMIT | C17: 50 | E17: =E16+C17-D17 -> 8304
A18: 43344 | B18: INDONAKANO-SEIWA | C18: 170 | E18: =E17+C18-D18 -> 8474
A19: 42979 | B19: BHINEKA-AHM | C19: 215 | E19: =E18+C19-D19 -> 8689 | F19: COCOK
A20: 43374 | B20: INDONAKANO-SEIWA | C20: 52 | E20: =E19+C20-D20 -> 8741
A21: 43374 | B21: ACSET-VISTA | C21: 138 | E21: =E20+C21-D21 -> 8879
A22: 43374 | B22: NINDYA KARYA-SDN 04 MERUYA | C22: 23 | E22: =E21+C22-D22 -> 8902
A23: 43374 | B23: WIKA-TRANS CIBUBUR | D23: 300 | E23: =E22+C23-D23 -> 8602 | F23: COCOK
A24: 43405 | B24: TOTAL-BBSI.JO | C24: 336 | E24: =E23+C24-D24 -> 8938
A25: 43405 | B25: NINDYA KARYA-SDN KEB.JERUK 06 | C25: 5 | E25: =E24+C25-D25 -> 8943
A26: 43405 | B26: WIKA-TRANS CIBUBUR | D26: 400 | E26: =E25+C26-D26 -> 8543
A27: 43435 | B27: TBP-RS.GRAHA | C27: 20 | E27: =E26+C27-D27 -> 8563
A28: 43435 | B28: NINDYA KARYA-HARAPAN KITA | C28: 183 | E28: =E27+C28-D28 -> 8746
A29: 43435 | B29: BHINEKA-AHM | C29: 464 | E29: =E28+C29-D29 -> 9210
A30: 43435 | B30: WIKA-TRANS CIBUBUR 100+380 | D30: 480 | E30: =E29+C30-D30 -> 8730 | F30: COCOK
A31: 13/1/2018 | B31: PMI-TOTO | C31: 182 | E31: =E30+C31-D31 -> 8912
A32: 13/1/2018 | B32: BHINEKA-AHM 79+11 | C32: 90 | E32: =E31+C32-D32 -> 9002
A33: 13/1/2018 | B33: WIKA-TRANS CIBUBUR 400 | D33: 400 | E33: =E32+C33-D33 -> 8602
A34: 14/1/2018 | B34: WIKA-TRANS CIBUBUR 420 | D34: 420 | E34: =E33+C34-D34 -> 8182
A35: 15/1/2018 | B35: BHINEKA-AHM 47+8 | C35: 55 | E35: =E34+C35-D35 -> 8237
A36: 15/1/2018 | B36: WIKA-TRANS CIBUBUR | D36: 350 | E36: =E35+C36-D36 -> 7887
A37: 15/1/2018 | B37: WIKA-TRANS CIBUBUR | D37: 450 | E37: =E36+C37-D37 -> 7437
A38: 16/1/2018 | B38: ACSET-MCC | C38: 72 | E38: =E37+C38-D38 -> 7509
A39: 16/1/2018 | B39: NINDYA KARYA-SDN 04 MERUYA | C39: 3 | E39: =E38+C39-D39 -> 7512
A40: 16/1/2018 | B40: INDONAKANO-THAI SUMMIT | C40: 28 | E40: =E39+C40-D40 -> 7540
A41: 16/1/2018 | B41: WIKA-TRANS CIBUBUR | D41: 400 | E41: =E40+C41-D41 -> 7140 | F41: COCOK
A42: 17/1/2018 | B42: NINDYA-LTM KSO-PUSK.CEGER | C42: 53 | E42: =E41+C42-D42 -> 7193
A43: 17/1/2018 | B43: NINDYA LTM KSO-PUSK.CILILITAN | C43: 91 | E43: =E42+C43-D43 -> 7284
A44: 17/1/2018 | B44: NINDYA LTM KSO-MENGGARAI | C44: 29 | E44: =E43+C44-D44 -> 7313
A45: 17/1/2018 | B45: NINDYA KARYA-RS.HARKIT | C45: 106 | E45: =E44+C45-D45 -> 7419
A46: 17/1/2018 | B46: JKA-JOB GDNG | C46: 50 | E46: =E45+C46-D46 -> 7469
A47: 18/1/2018 | B47: INDONAKANO-THAI SUMMIT | C47: 32 | E47: =E46+C47-D47 -> 7501
A48: 18/1/2018 | B48: TBP-LAVIE | C48: 145 | E48: =E47+C48-D48 -> 7646
A49: 18/1/2018 | B49: NKE-CNQC-CHADSTONE | D49: 200 | E49: =E48+C49-D49 -> 7446
A50: 19/1/2018 | B50: NINDYA KARYA-HARAPAN KITA | C50: 124 | E50: =E49+C50-D50 -> 7570 | F50: COCOK
A51: 20/1/2018 | B51: CONCREAT-EBONY KAPUK | D51: 285 | E51: =E50+C51-D51 -> 7285
A52: 21/1/2018 | B52: WIKA-TRANS CIBUBUR 100+50 | D52: 150 | E52: =E51+C52-D52 -> 7135 | F52: COCOK
A53: 22/1/2018 | B53: TOTAL-BBSI.JO | C53: 650 | E53: =E52+C53-D53 -> 7785
A54: 22/1/2018 | B54: NKE-CHADSTONE | D54: 860 | E54: =E53+C54-D54 -> 6925
A55: 22/1/2018 | B55: WIKA-TRANS CIBUBUR | D55: 300 | E55: =E54+C55-D55 -> 6625
A56: 23/1/2018 | B56: TBP-LAVIE | C56: 130 | E56: =E55+C56-D56 -> 6755
A57: 23/1/2018 | B57: IDEA MANDIRI | C57: 70 | E57: =E56+C57-D57 -> 6825
A58: 23/1/2018 | B58: TBP-APARTEMEN AERIUM | D58: 120 | E58: =E57+C58-D58 -> 6705
A59: 23/1/2018 | B59: WIKA-TRANS CIBUBUR | D59: 270 | E59: =E58+C59-D59 -> 6435
A60: 23/1/2018 | B60: ACSET WEST | C60: 40 | E60: =E59+C60-D60 -> 6475 | F60: COCOK
A61: 24/1/2018 | B61: INDONAKANO-HIRUTA | C61: 178 | E61: =E60+C61-D61 -> 6653
A62: 24/1/2018 | B62: NINDYA KARYA-RS.HARKIT | C62: 26 | E62: =E61+C62-D62 -> 6679
A63: 24/1/2018 | B63: CSQC-NKE | D63: 278 | E63: =E62+C63-D63 -> 6401
A64: 24/1/2018 | B64: WIKA-TRANS CIBUBUR 83+85 | D64: 168 | E64: =E63+C64-D64 -> 6233 | F64: COCOK
A65: 25/1/2018 | B65: TBP-LAVIE | C65: 100 | E65: =E64+C65-D65 -> 6333
A66: 25/1/2018 | B66: TBP-PAKUBUWONO | C66: 91 | E66: =E65+C66-D66 -> 6424
A67: 25/1/2018 | B67: NINDYA-LTM KSO.PUSK-MANGGARAI | C67: 135 | E67: =E66+C67-D67 -> 6559
A68: 25/1/2018 | B68: INDONAKANO-SEIWA | D68: 76 | E68: =E67+C68-D68 -> 6483
A69: 25/1/2018 | B69: WIKA GEDUNG-TRANS CIBUBUR | D69: 300 | E69: =E68+C69-D69 -> 6183
A70: 25/1/2018 | B70: NINDYA KARYA - VENUE LAYAR | D70: 300 | E70: =E69+C70-D70 -> 5883
A71: 26/1/2018 | B71: TBP-LAVIE | C71: 10 | E71: =E70+C71-D71 -> 5893
A72: 26/1/2018 | B72: INDONAKANO-PANASONIC GOBEL | C72: 145 | E72: =E71+C72-D72 -> 6038
A73: 26/1/2018 | B73: PMI-TOTO | C73: 60 | E73: =E72+C73-D73 -> 6098
A74: 26/1/2018 | B74: WIKA-TRANS CIBUBUR | D74: 300 | E74: =E73+C74-D74 -> 5798 | F74: COCOK
A75: 27/1/2018 | B75: WIKA-TRANS CIBUBUR 300+250 | D75: 550 | E75: =E74+C75-D75 -> 5248
A76: 28/1/2018 | B76: INDONAKANO-PANASONIC GOBEL | C76: 5 | E76: =E75+C76-D76 -> 5253
A77: 29/1/2018 | B77: NINDYA KARYA-HARAPAN KITA | C77: 165 | E77: =E76+C77-D77 -> 5418
A78: 29/1/2018 | B78: WIKA-TRANS CIBUBUR 250+300 | D78: 550 | E78: =E77+C78-D78 -> 4868 | F78: COCOK
A79: 30/1/2018 | B79: TBP-PAKUBUWONO | C79: 33 | E79: =E78+C79-D79 -> 4901
A80: 30/1/2018 | B80: ACSET-MCC | C80: 55 | E80: =E79+C80-D80 -> 4956
A81: 30/1/2018 | B81: WIKA-TRANS CIBUBUR | D81: 312 | E81: =E80+C81-D81 -> 4644
A82: 30/1/2018 | B82: GLOBAL-BINTARO 120+335 | C82: 455 | E82: =E81+C82-D82 -> 5099 | F82: COCOK
A83: 31/1/2018 | B83: NINDYA KARYA-HARKIT | C83: 115 | E83: =E82+C83-D83 -> 5214
A84: 31/1/2018 | B84: ACSET-MCC | C84: 20 | E84: =E83+C84-D84 -> 5234
A85: 43102 | B85: NINDYA-LTM KSO | C85: 118 | E85: =E84+C85-D85 -> 5352
A86: 43102 | B86: NINDYA KARYA-VENUE LAYAR | D86: 600 | E86: =E85+C86-D86 -> 4752 | F86: COCOK
A87: 43133 | B87: GLOBAL-AROSA | C87: 87 | E87: =E86+C87-D87 -> 4839
A88: 43133 | B88: ACSET-VISTA | C88: 78 | E88: =E87+C88-D88 -> 4917 | F88: COCOK
A89: 43161 | B89: NINDYA KARYA-SEKOLAH TAMBORA | C89: 80 | E89: =E88+C89-D89 -> 4997
A90: 43222 | B90: TBP-LAVIE | C90: 300 | E90: =E89+C90-D90 -> 5297
A91: 43222 | B91: NINDYA KARYA-HARKIT | C91: 100 | E91: =E90+C91-D91 -> 5397
A92: 43222 | B92: INDONAKANO-THAISUMIT | C92: 50 | E92: =E91+C92-D92 -> 5447
A93: 43222 | B93: LENA-MENTENG | C93: 200 | E93: =E92+C93-D93 -> 5647
A94: 43222 | B94: WIKA-TRANS CIBUBUR | D94: 250 | E94: =E93+C94-D94 -> 5397 | F94: COCOK
A95: 43253 | B95: POLABAJA-TOYOTA BT CEPER | C95: 55 | E95: =E94+C95-D95 -> 5452 | F95: COCOK
A96: 43283 | B96: TBP-PAKUBUWONO | C96: 22 | E96: =E95+C96-D96 -> 5474
A97: 43283 | B97: INDONAKANO-HIRUTA | C97: 79 | E97: =E96+C97-D97 -> 5553
A98: 43283 | B98: NINDYA - LTM KSO-BIDARA CINA | C98: 26 | E98: =E97+C98-D98 -> 5579
A99: 43283 | B99: NINDYA - LTM KSO-PUSK.SEMPER BARAT III | C99: 20 | E99: =E98+C99-D99 -> 5599
A100: 43283 | B100: NINDYA KARYA-VENUE LAYAR | D100: 250 | E100: =E99+C100-D100 -> 5349
A101: 43283 | B101: TBP-VERDE KUNINGAN | D101: 100 | E101: =E100+C101-D101 -> 5249
...

Sheet CB193
A2: NAMA BARANG : CB 193
A4: TGL | B4: NAMA PT-PROYEK | C4: MASUK | D4: KELUAR | E4: SISA | F4: KETERANGAN
B5: SISA STOK 2017 | E5: 3253
A6: 43160 | B6: INDONAKANO-PANASONIC GOBEL | C6: 420 | E6: =E5+C6-D6 -> 3673
A7: 43160 | B7: IDEA MANDIRI | C7: 80 | E7: =E6+C7-D7 -> 3753 | F7: COCOK
A8: 43191 | B8: GLOBAL-AROSA | C8: 18 | E8: =E7+C8-D8 -> 3771 | F8: COCOK
A9: 43221 | B9: NINDYA KARYA-RS.HARKIT | C9: 5 | E9: =E8+C9-D9 -> 3776
A10: 43221 | B10: NINDYA.LTM KSO-PUSK.CEGER | C10: 41 | E10: =E9+C10-D10 -> 3817
A11: 42856 | B11: BHINEKA-AHM | C11: 19 | E11: =E10+C11-D11 -> 3836 | F11: COCOK
A12: 43252 | B12: PMI-TOTO | C12: 30 | E12: =E11+C12-D12 -> 3866
A13: 43313 | B13: NINDYA.LTM KSO-PUSK.CILILITAN | C13: 75 | E13: =E12+C13-D13 -> 3941
A14: 43313 | B14: INDONAKANO-PANASONIC GOBEL | C14: 42 | E14: =E13+C14-D14 -> 3983 | F14: COCOK
A15: 43313 | B15: INDONAKANO-THAISUMMIT | C15: 160 | E15: =E14+C15-D15 -> 4143
A16: 43344 | B16: BHINEKA-AHM | C16: 450 | E16: =E15+C16-D16 -> 4593 | F16: COCOK
A17: 43374 | B17: INDONAKANO-SEIWA | C17: 8 | E17: =E16+C17-D17 -> 4601
A18: 43374 | B18: NINDYA KARYA-SDN 04 MERUYA | C18: 20 | E18: =E17+C18-D18 -> 4621
A19: 43374 | B19: NINDYA KARYA-PUSK.CMPK PUTIH | C19: 20 | E19: =E18+C19-D19 -> 4641 | F19: COCOK
A20: 43405 | B20: NINDYA KARYA-SDN KEB.JERUK 06 | C20: 35 | E20: =E19+C20-D20 -> 4676
A21: 43405 | B21: BHINEKA-AHM 460+52 | C21: 512 | E21: =E20+C21-D21 -> 5188
A22: 43435 | B22: NINDYA KARYA-HARAPAN KITA | C22: 118 | E22: =E21+C22-D22 -> 5306
A23: 13/1/2018 | B23: PMI-TOTO | C23: 42 | E23: =E22+C23-D23 -> 5348
A24: 13/1/2018 | B24: BHINEKA-AHM 40+11 | C24: 51 | E24: =E23+C24-D24 -> 5399
A25: 15/1/2018 | B25: BHINEKA-AHM | C25: 8 | E25: =E24+C25-D25 -> 5407
A26: 16/1/2018 | B26: ACSET-MCC | C26: 81 | E26: =E25+C26-D26 -> 5488
A27: 16/1/2018 | B27: NINDYA KARYA-SDN 04 MERUYA | C27: 4 | E27: =E26+C27-D27 -> 5492
A28: 16/1/2018 | B28: INDONAKANO-THAI SUMMIT | C28: 108 | E28: =E27+C28-D28 -> 5600 | F28: COCOK
A29: 17/1/2018 | B29: NINDYA-LTM KSO-PUSK.CEGER | C29: 5 | E29: =E28+C29-D29 -> 5605
A30: 17/1/2018 | B30: NINDYA LTM KSO-PUSK.CILILITAN | C30: 17 | E30: =E29+C30-D30 -> 5622
A31: 17/1/2018 | B31: NINDYA LTM KSO-MENGGARAI | C31: 35 | E31: =E30+C31-D31 -> 5657
A32: 17/1/2018 | B32: NINDYA KARYA-RS.HARKIT | C32: 64 | E32: =E31+C32-D32 -> 5721
A33: 17/1/2018 | B33: JKA-JOB GDNG | C33: 3 | E33: =E32+C33-D33 -> 5724
A34: 18/1/2018 | B34: INDONAKANO-THAI SUMMIT | C34: 11 | E34: =E33+C34-D34 -> 5735
A35: 18/1/2018 | B35: NKE-CNQC-CHADSTONE | D35: 100 | E35: =E34+C35-D35 -> 5635
A36: 19/1/2018 | B36: NINDYA KARYA-HARAPAN KITA | C36: 36 | E36: =E35+C36-D36 -> 5671 | F36: COCOK
A37: 24/1/2018 | B37: INDONAKANO-HIRUTA | C37: 25 | E37: =E36+C37-D37 -> 5696
A38: 24/1/2018 | B38: NINDYA KARYA-RS.HARKIT | C38: 15 | E38: =E37+C38-D38 -> 5711 | F38: COCOK
A39: 25/1/2018 | B39: NINDYA-LTM KSO.PUSK-MANGGARAI | C39: 80 | E39: =E38+C39-D39 -> 5791
A40: 26/1/2018 | B40: CONCREAT-JL.MPR R.DLM CILANDAK | C40: 50 | E40: =E39+C40-D40 -> 5841
A41: 26/1/2018 | B41: INDONAKANO-PANASONIC GOBEL | C41: 7 | E41: =E40+C41-D41 -> 5848
A42: 26/1/2018 | B42: PMI-TOTO | C42: 30 | E42: =E41+C42-D42 -> 5878
A43: 26/1/2018 | B43: NINDYA KARYA-VANUE LAYAR | D43: 200 | E43: =E42+C43-D43 -> 5678 | F43: COCOK
A44: 28/1/2018 | B44: INDONAKANO-PANASONIC GOBEL | C44: 1 | E44: =E43+C44-D44 -> 5679
A45: 29/1/2018 | B45: NINDYA KARYA-HARAPAN KITA | C45: 17 | E45: =E44+C45-D45 -> 5696 | F45: COCOK
A46: 30/1/2018 | B46: ACSET-MCC | C46: 30 | E46: =E45+C46-D46 -> 5726 | F46: COCOK
A47: 31/1/2018 | B47: NINDYA KARYA-HARKIT | C47: 20 | E47: =E46+C47-D47 -> 5746
A48: 31/1/2018 | B48: ACSET-MCC | C48: 3 | E48: =E47+C48-D48 -> 5749 | F48: COCOK
A49: 43102 | B49: NINDYA-LTM KSO | C49: 28 | E49: =E48+C49-D49 -> 5777
A50: 43102 | B50: NINDYA KARYA-VENUE LAYAR | D50: 200 | E50: =E49+C50-D50 -> 5577 | F50: COCOK
A51: 43133 | B51: GLOBAL-AROSA | C51: 26 | E51: =E50+C51-D51 -> 5603 | F51: COCOK
A52: 43161 | B52: NINDYA KARYA-SEKOLAH TAMBORA | C52: 14 | E52: =E51+C52-D52 -> 5617
A53: 43222 | B53: NINDYA KARYA-HARKIT | C53: 20 | E53: =E52+C53-D53 -> 5637
A54: 43222 | B54: NINDYA -KTM KSO | C54: 73 | E54: =E53+C54-D54 -> 5710
A55: 43283 | B55: INDONAKANO-HIRUTA | C55: 3 | E55: =E54+C55-D55 -> 5713
A56: 43283 | B56: NINDYA - LTM KSO-BIDARA CINA | C56: 3 | E56: =E55+C56-D56 -> 5716
A57: 43283 | B57: NINDYA - LTM KSO-PUSK.SEMPER BARAT III | C57: 70 | E57: =E56+C57-D57 -> 5786
A58: 43314 | B58: NINDYA-LTM KSO-PUSK.MANGGARAI | C58: 12 | E58: =E57+C58-D58 -> 5798
A59: 43324 | B59: NINDYA KARYA-HARKIT | C59: 45 | E59: =E58+C59-D59 -> 5843
A60: 43406 | B60: NINDYA KARYA-VANUE LAYAR | D60: 100 | E60: =E59+C60-D60 -> 5743
A61: 43436 | B61: NINDYA KARYA-VANUE LAYAR | D61: 170 | E61: =E60+C61-D61 -> 5573
A62: 13/2/2018 | B62: NINDYA-LTM KSO-JOHAR BARU | C62: 80 | E62: =E61+C62-D62 -> 5653
A63: 13/2/2018 | B63: INDONAKANO-HIRUTA | C63: 5 | E63: =E62+C63-D63 -> 5658
A64: 13/2/2018 | B64: NINDYA KARYA-HARKIT | C64: 12 | E64: =E63+C64-D64 -> 5670
A65: 14/2/2018 | B65: ACSET-MCC | C65: 6 | E65: =E64+C65-D65 -> 5676
A66: 14/2/2018 | B66: NINDYA-LTM KSO-BIDARA CINA | C66: 11 | E66: =E65+C66-D66 -> 5687
A67: 19/2/2018 | B67: TBP-VERDE KUNINGAN | C67: 148 | E67: =E66+C67-D67 -> 5835
A68: 19/2/2018 | B68: NINDYA KARYA-HARKIT | C68: 3 | E68: =E67+C68-D68 -> 5838
A69: 19/2/2018 | B69: PMI-TOTO | C69: 17 | E69: =E68+C69-D69 -> 5855
A70: 21/2/2018 | B70: NINDYA X-DERES | C70: 110 | E70: =E69+C70-D70 -> 5965
A71: 23/2/2018 | B71: INDONAKANO GOBEL | C71: 8 | E71: =E70+C71-D71 -> 5973
A72: 24/2/2018 | B72: CONCREAT-ALI MARJUKI | C72: 120 | E72: =E71+C72-D72 -> 6093
A73: 26/2/2018 | B73: CONCREAT-LENA MENTENG | C73: 12 | E73: =E72+C73-D73 -> 6105
... A77: 27/2/2018 | B77: GELORA-BINTARO | C77: 13 | E77: =E76+C77-D77 -> 6297
A78: 43103 | B78: PANTON-TRIDA BUANA CIPTA CIKUPA | D78: 300 | E78: =E77+C78-D78 -> 5997
A79: 43223 | B79: INDONAKANO-HIRUTA | C79: 9 | E79: =E78+C79-D79 -> 6006
A80: 43223 | B80: JAGAT-SPRING LAKE BEKASI | C80: 12 | E80: =E79+C80-D80 -> 6018
A81: 43254 | B81: BCP-AHM 50+4 | C81: 54 | E81: =E80+C81-D81 -> 6072
A82: 43284 | B82: ALI-MATARAM SENOPATI | C82: 95 | E82: =E81+C82-D82 -> 6167
A83: 43315 | B83: INDONAKANO-THAI SUMMIT | C83: 17 | E83: =E82+C83-D83 -> 6184
A84: 43346 | B84: POLABAJA-INDRAMAYU | C84: 59 | E84: =E83+C84-D84 -> 6243
A85: 43376 | B85: BCP-AHM | C85: 27 | E85: =E84+C85-D85 -> 6270
A86: 13/3/2018 | B86: BCP-AHM | C86: 39 | E86: =E85+C86-D86 -> 6309
A87: 13/3/2018 | B87: BCP-AHM | C87: 52 | E87: =E86+C87-D87 -> 6361
A88: 13/3/2018 | B88: WIKA-TRANS CIBUBUR | D88: 100 | E88: =E87+C88-D88 -> 6261
A89: 13/3/2018 | B89: WIKA-TRANS CIBUBUR | D89: 100 | E89: =E88+C89-D89 -> 6161
A90: 14/3/2018 | B90: INDONAKANO-HIRUTA | C90: 2 | E90: =E89+C90-D90 -> 6163
A91: 14/3/2018 | B91: WIKA-TRANS CIBUBUR | D91: 200 | E91: =E90+C91-D91 -> 5963
A92: 15/3/2018 | B92: GELORA-BINTARO | C92: 13 | E92: =E91+C92-D92 -> 5976
A93: 15/3/2018 | B93: TBP-CHITA LAND | D93: 100 | E93: =E92+C93-D93 -> 5876
A94: 16/3/2018 | B94: BCP-AHM | C94: 48 | E94: =E93+C94-D94 -> 5924
A95: 16/3/2018 | B95: BCP-AHM | C95: 8 | E95: =E94+C95-D95 -> 5932
A96: 16/3/2018 | B96: WIKA-TRANS CIBUBUR | D96: 100 | E96: =E95+C96-D96 -> 5832
A97: 19/3/2018 | B97: IDEA MANDIRI-WOLTER | C97: 20 | E97: =E96+C97-D97 -> 5852
A98: 19/3/2018 | B98: NINDYA - LTM KASO | C98: 95 | E98: =E97+C98-D98 -> 5947
A99: 19/3/2018 | B99: ALI-MATARAM SENOPATI | C99: 9 | E99: =E98+C99-D99 -> 5956
A100: 20/3/2018 | B100: WIKA-CIMANGGIS | C100: 180 | E100: =E99+C100-D100 -> 6136
A101: 20/3/2018 | B101: WIKA-TRANS CIBUBUR | D101: 120 | E101: =E100+C101-D101 -> 6016 | F101: COCOK
A102: 22/3/2018 | B102: PANCAMITRA-TOTO | C102: 155 | E102: =E101+C102-D102 -> 6171
A103: 22/3/2018 | B103: PANCAMITRA-TOTO | C103: 69 | E103: =E102+C103-D103 -> 6240
A104: 22/3/2018 | B104: PANCAMITRA-TOTO | C104: 3 | E104: =E103+C104-D104 -> 6243
A105: 23/3/2018 | B105: WIKA-CIMANGGIS | C105: 120 | E105: =E104+C105-D105 -> 6363
...

Sheet CB185
A2: NAMA BARANG : CB185
A4: TGL | B4: NAMA PT-PROYEK | C4: MASUK | D4: KELUAR | E4: SISA | F4: KETERANGAN
B5: SISA STOK 2017 | E5: 816
A6: 43191 | B6: GLOBAL-AROSA | C6: 35 | E6: =E5+C6-D6 -> 851
A7: 43133 | B7: GLOBAL-AROSA | C7: 40 | E7: =E6+C7-D7 -> 891
A8: 20/2/2018 | B8: POLABAJA-INDRAMAYU | C8: 153 | E8: =E7+C8-D8 -> 1044
A9: 27/2/2018 | B9: GELORA-BINTARO | C9: 5 | E9: =E8+C9-D9 -> 1049
A10: 27/2/2018 | B10: GELORA-BINTARO | C10: 12 | E10: =E9+C10-D10 -> 1061
A11: 43346 | B11: POLABAJA-INDRAMAYU | C11: 7 | E11: =E10+C11-D11 -> 1068
A12: 15/3/2018 | B12: GELORA-BINTARO | C12: 14 | E12: =E11+C12-D12 -> 1082
A13: 23/3/2018 | B13: GELOBAL-AROSA | C13: 20 | E13: =E12+C13-D13 -> 1102
A14: 23/3/2018 | B14: GELOBAL-AROSA | C14: 28 | E14: =E13+C14-D14 -> 1130
A15: 43377 | B15: GELOBAL-AROSA | C15: 11 | E15: =E14+C15-D15 -> 1141 | F15: COCOK
A16: 19/4/2018 | B16: GELOBAL-AROSA | C16: 17 | E16: =E15+C16-D16 -> 1158 | F16: COCOK
A17: 43136 | B17: GELORA-AROSA BINTARO | C17: 17 | E17: =E16+C17-D17 -> 1175 | F17: COCOK
A18: 25/5/2018 | B18: BCP-BALARAJA | C18: 280 | E18: =E17+C18-D18 -> 1455
A19: 25/5/2018 | B19: BCP-BALARAJA | C19: 45 | E19: =E18+C19-D19 -> 1500 | F19: COCOK
A20: 43196 | B20: GELORA-AROSA BINTARO | C20: 13 | E20: =E19+C20-D20 -> 1513 | F20: COCOK

Sheet CB172(173)
A2: NAMA BARANG : CB 172 /173
A4: TGL | B4: NAMA PT-PROYEK | C4: MASUK | D4: KELUAR | E4: SISA | F4: KETERANGAN
B5: Sisa stok 2017 | E5: 1909
A6: 43283 | B6: NINDYA-LTM KSO-PUSK.CEMPAKA PTH | C6: 12 | E6: =E5+C6-D6 -> 1921
A7: 43314 | B7: NINDYA-LTM KSO-PUSK.MANGGARAI | C7: 42 | E7: =E6+C7-D7 -> 1963
A8: 27/2/2018 | B8: NINDYA-LTM KSO-PUSK.GDG.X-DERES | C8: 18 | E8: =E7+C8-D8 -> 1981 | F8: COCOK

Sheet CB 205
A2: NAMA BARANG : CB 205
A4: TGL | B4: NAMA PT-PROYEK | C4: MASUK | D4: KELUAR | E4: SISA | F4: KETERANGAN
B5: Sisa stok 2017 | E5: 1041
A6: 22/2/2018 | B6: TBP-BURSA EFEK-SUDIRMAN | D6: 120 | E6: =E5+C6-D6 -> 921
A7: 43134 | B7: TBP-BURSA EFEK SUDIRMAN | D7: 114 | E7: =E6+C7-D7 -> 807
A8: 22/3/2018 | B8: TBP-BURSA EFEK SUDIRMAN | C8: 90 | E8: =E7+C8-D8 -> 897 | F8: COCOK
A9: 26/3/2018 | B9: TBP-BEJ - SUDIRMAN | C9: 50 | E9: =E8+C9-D9 -> 947
A10: 26/3/2018 | B10: TBP-BEJ - SUDIRMAN | C10: 51 | E10: =E9+C10-D10 -> 998 | F10: COCOK
A11: 30/3/2018 | B11: TBP-BURSA EFEK SUDIRMAN | C11: 16 | E11: =E10+C11-D11 -> 1014
A12: 31/3/2018 | B12: NKE-DAM LARONA | D12: 280 | E12: =E11+C12-D12 -> 734 | F12: COCOK
A13: 43224 | B13: GELOBAL-WISMA FAJAR | D13: 130 | E13: =E12+C13-D13 -> 604
A14: 43255 | B14: GLOBAL-WISMA FAJAR | D14: 65 | E14: =E13+C14-D14 -> 539 | F14: COCOK
A15: 17/4/2018 | B15: GELORA-WISMA FAJAR SENAYAN | D15: 60 | E15: =E14+C15-D15 -> 479
A16: 18/4/2018 | B16: GELORA-WISMA FAJAR SENAYAN | D16: 90 | E16: =E15+C16-D16 -> 389 | F16: COCOK
A17: 19/4/2018 | B17: GELORA-WISMA FAJAR SENAYAN | D17: 70 | E17: =E16+C17-D17 -> 319 | F17: COCOK
A18: 43225 | B18: GELORA-WISMA FAJAR SENAYAN | D18: 200 | E18: =E17+C18-D18 -> 119 | F18: COCOK

Sheet CB136
A2: NAMA BARANG : CB 136
A4: TGL | B4: NAMA PT-PROYEK | C4: MASUK | D4: KELUAR | E4: SISA | F4: KETERANGAN
B5: SISA STOK 2017 | E5: 769

Sheet JOIN PIN
A2: NAMA BARANG : JOINPIN (JP)
A4: TGL | B4: NAMA PT-PROYEK | C4: MASUK | D4: KELUAR | E4: SISA | F4: KETERANGAN
B5: SISA STOK 2017 | E5: 12540
A6: 43132 | B6: TBP-LAVIE | C6: 27 | E6: =E5+C6-D6 -> 12567
A7: 43132 | B7: TBP-JO.JIEXPO | C7: 236 | E7: =E6+C7-D7 -> 12803
A8: 43160 | B8: INDONAKANO-PANASONIC GOBEL | C8: 876 | E8: =E7+C8-D8 -> 13679
A9: 43160 | B9: BHINEKA-AHM 17+16 | C9: 33 | E9: =E8+C9-D9 -> 13712 | F9: COCOK
A10: 43191 | B10: BHINEKA-AHM | C10: 14 | E10: =E9+C10-D10 -> 13726
A11: 43191 | B11: TBP-LAVIE | C11: 22 | E11: =E10+C11-D11 -> 13748
A12: 43191 | B12: TBP-BBSI.JO | C12: 100 | E12: =E11+C12-D12 -> 13848 | F12: COCOK
A13: 43221 | B13: TBP-LAVIE | C13: 15 | E13: =E12+C13-D13 -> 13863
A14: 43221 | B14: NINDYA KARYA-RS.HARKIT | C14: 14 | E14: =E13+C14-D14 -> 13877
A15: 43221 | B15: NINDYA.LTM KSO-PUSK.CEGER 291+10 | C15: 301 | E15: =E14+C15-D15 -> 14178
A16: 43221 | B16: BHINEKA - AHM | C16: 1585 | E16: =E15+C16-D16 -> 15763 | F16: COCOK
A17: 43252 | B17: NINDYA KARYA-HARAPAN KITA | C17: 104 | E17: =E16+C17-D17 -> 15867
A18: 43282 | B18: WIKA-TRANS CIBUBUR | D18: 650 | E18: =E17+C18-D18 -> 15217
A19: 43313 | B19: NINYA LTM KSO-PUSK.CILILITAN | C19: 121 | E19: =E18+C19-D19 -> 15338
A20: 43313 | B20: WIKA-TRANS CIBUBUR | D20: 800 | E20: =E19+C20-D20 -> 14538 | F20: COCOK
A21: 43313 | B21: INDONAKANO-THAI SUMMIT | C21: 94 | E21: =E20+C21-D21 -> 14632
A22: 43313 | B22: ACSET-MCC | C22: 6 | E22: =E21+C22-D22 -> 14638
A23: 43344 | B23: TOTAL-BBSI.JO | C23: 2 | E23: =E22+C23-D23 -> 14640
A24: 43374 | B24: INDONAKANO-SEIWA | C24: 980 | E24: =E23+C24-D24 -> 15620
A25: 43374 | B25: NINDYA KARYA-PUSK.CMPK PUTIH | C25: 5 | E25: =E24+C25-D25 -> 15625
A26: 43374 | B26: WIKA-TRANS CIBUBUR | D26: 600 | E26: =E25+C26-D26 -> 15025 | F26: COCOK
A27: 43405 | B27: TOTAL-BBSI.JO | C27: 400 | E27: =E26+C27-D27 -> 15425
A28: 43405 | B28: NINDYA KARYA-SDN KEB.JERUK 06 | C28: 53 | E28: =E27+C28-D28 -> 15478
A29: 43405 | B29: WIKA-TRANS CIBUBUR | D29: 800 | E29: =E28+C29-D29 -> 14678
A30: 43435 | B30: NINDYA KARYA-HARAPAN KITA | C30: 65 | E30: =E29+C30-D30 -> 14743
A31: 43435 | B31: WIKA-TRANS CIBUBUR 200+800 | D31: 1000 | E31: =E30+C31-D31 -> 13743 | F31: COCOK
A32: 13/1/2018 | B32: PMI-TOTO | C32: 300 | E32: =E31+C32-D32 -> 14043
A33: 13/1/2018 | B33: BHINEKA-AHM | C33: 13 | E33: =E32+C33-D33 -> 14056
A34: 13/1/2018 | B34: TBP-LAVIE | C34: 4 | E34: =E33+C34-D34 -> 14060
A35: 13/1/2018 | B35: WIKA-TRANS CIBUBUR | D35: 800 | E35: =E34+C35-D35 -> 13260
A36: 15/1/2018 | B36: NINDYA-LTM KSO-JOHAR BARU | C36: 500 | E36: =E35+C36-D36 -> 13760
A37: 15/1/2018 | B37: BHINEKA-AHM | C37: 14 | E37: =E36+C37-D37 -> 13774
A38: 15/1/2018 | B38: ACSET-MCC | C38: 2 | E38: =E37+C38-D38 -> 13776
A39: 16/1/2018 | B39: NINDYA KARYA-SDN 04 MERUYA | C39: 120 | E39: =E38+C39-D39 -> 13896
A40: 16/1/2018 | B40: INDONAKANO-THAI SUMMIT | C40: 100 | E40: =E39+C40-D40 -> 13996 | F40: COCOK
A41: 17/1/2018 | B41: NINDYA-LTM KSO-PUSK.CEGER | C41: 100 | E41: =E40+C41-D41 -> 14096
A42: 17/1/2018 | B42: NINDYA LTM KSO-PUSK.CILILITAN | C42: 111 | E42: =E41+C42-D42 -> 14207
A43: 17/1/2018 | B43: PMI-TOTO | C43: 400 | E43: =E42+C43-D43 -> 14607
A44: 17/1/2018 | B44: PMI-TOTO(CIKOKOL) | C44: 1600 | E44: =E43+C44-D44 -> 16207
A45: 17/1/2018 | B45: NINDYA KARYA-RS.HARKIT | C45: 5 | E45: =E44+C45-D45 -> 16212
A46: 18/1/2018 | B46: INDONAKANO-THAI SUMMIT | C46: 66 | E46: =E45+C46-D46 -> 16278
A47: 18/1/2018 | B47: TBP-LAVIE 21+32 | C47: 53 | E47: =E46+C47-D47 -> 16331
A48: 19/1/2018 | B48: NINDYA KARYA-HARAPAN KITA | C48: 8 | E48: =E47+C48-D48 -> 16339 | F48: COCOK
A49: 20/1/2018 | B49: TBP-LAVIE | C49: 10 | E49: =E48+C49-D49 -> 16349 | F49: COCOK
A50: 22/1/2018 | B50: TBP-LAVIE | C50: 35 | E50: =E49+C50-D50 -> 16384
A51: 22/1/2018 | B51: TOTAL-BBSI.JO | C51: 400 | E51: =E50+C51-D51 -> 16784
A52: 21/1/2017 | B52: IDEA MANDIRI | C52: 82 | E52: =E51+C52-D52 -> 16866
A53: 22/1/2018 | B53: NKE-CHADSTONE | D53: 700 | E53: =E52+C53-D53 -> 16166
A54: 23/1/2018 | B54: TBP-LAVIE | C54: 5 | E54: =E53+C54-D54 -> 16171
A55: 23/1/2018 | B55: IDEA MANDIRI | C55: 3 | E55: =E54+C55-D55 -> 16174
A56: 23/1/2018 | B56: TBP-APARTEMEN AERIUM | D56: 240 | E56: =E55+C56-D56 -> 15934 | F56: COCOK
A57: 24/1/2018 | B57: INDONAKANO-HIRUTA | C57: 76 | E57: =E56+C57-D57 -> 16010
A58: 24/1/2018 | B58: NINDYA KARYA-RS.HARKIT | C58: 260 | E58: =E57+C58-D58 -> 16270 | F58: COCOK
A59: 25/1/2018 | B59: TBP-LAVIE | C59: 10 | E59: =E58+C59-D59 -> 16280
A60: 25/1/2018 | B60: TBP-PAKUBUWONO | C60: 39 | E60: =E59+C60-D60 -> 16319
A61: 25/1/2018 | B61: NINDYA KARYA-VENUE | D61: 600 | E61: =E60+C61-D61 -> 15719
A62: 25/1/2018 | B62: INDONAKANO-SEIWA | D62: 100 | E62: =E61+C62-D62 -> 15619
A63: 26/1/2018 | B63: TBP-LAVIE | C63: 297 | E63: =E62+C63-D63 -> 15916
A64: 26/1/2018 | B64: CONCREAT-JL.MPR R.DLM CILANDAK | C64: 135 | E64: =E63+C64-D64 -> 16051
A65: 26/1/2018 | B65: INDONAKANO-PANASONIC GOBEL | C65: 359 | E65: =E64+C65-D65 -> 16410
A66: 26/1/2018 | B66: PMI-TOTO | C66: 1000 | E66: =E65+C66-D66 -> 17410
A67: 26/1/2018 | B67: INTERDESIGN-LRT PALEMBANG | D67: 500 | E67: =E66+C67-D67 -> 16910
A68: 26/1/2018 | B68: NINDYA KARYA-VANUE LAYAR | D68: 1000 | E68: =E67+C68-D68 -> 15910 | F68: COCOK
A69: 29/1/2018 | B69: NINDYA KARYA-HARAPAN KITA | C69: 182 | E69: =E68+C69-D69 -> 16092
A70: 29/1/2018 | B70: ACSET-MCC | C70: 400 | E70: =E69+C70-D70 -> 16492
A71: 29/1/2018 | B71: WIKA- TRANS CIBUBUR 500+2000 | D71: 2500 | E71: =E70+C71-D71 -> 13992 | F71: COCOK
A72: 30/1/2018 | B72: ALI-MARJUKI | C72: 474 | E72: =E71+C72-D72 -> 14466
A73: 30/1/2018 | B73: TBP-PAKUBUWONO | C73: 6 | E73: =E72+C73-D73 -> 14472
A74: 30/1/2018 | B74: ACSET-MCC | C74: 5 | E74: =E73+C74-D74 -> 14477 | F74: COCOK
A75: 31/1/2018 | B75: TBP-PAKUBUWONO | C75: 52 | E75: =E74+C75-D75 -> 14529
A76: 31/1/2018 | B76: NINDYA KARYA-HARKIT | C76: 55 | E76: =E75+C76-D76 -> 14584 | F76: COCOK
A77: 43102 | B77: NINDYA-LTM KSO | C77: 105 | E77: =E76+C77-D77 -> 14689 | F77: COCOK
A78: 43133 | B78: INDONAKANO-THAI SUMMIT | C78: 148 | E78: =E77+C78-D78 -> 14837 | F78: COCOK
A79: 43222 | B79: TBP-LAVIE | C79: 19 | E79: =E78+C79-D79 -> 14856
A80: 43222 | B80: NINDYA KARYA-HARKIT | C80: 308 | E80: =E79+C80-D80 -> 15164
A81: 43222 | B81: INDONAKANO-YAMADA | C81: 84 | E81: =E80+C81-D81 -> 15248 | F81: COCOK
A82: 43253 | B82: NINDYA - LTM KSO-PUSKESMAS MANGGARAI | C82: 20 | E82: =E81+C82-D82 -> 15268
A83: 43253 | B83: NINDYA - LTM KSO-PUSK. JOHAR BARU | C83: 281 | E83: =E82+C83-D83 -> 15549
A84: 43253 | B84: IMP-GUDANG BRG TITIPAN | C84: 22 | E84: =E83+C84-D84 -> 15571 | F84: COCOK
A85: 43283 | B85: TBP-PAKUBUWONO | C85: 12 | E85: =E84+C85-D85 -> 15583
A86: 43283 | B86: NINDYA - LTM KSO-BIDARA CINA | C86: 117 | E86: =E85+C86-D86 -> 15700
A87: 43283 | B87: NINDYA - LTM KSO-PUSK.SEMPER BARAT III | C87: 82 | E87: =E86+C87-D87 -> 15782
A88: 43283 | B88: NINDYA KARYA-VENUE LAYAR | D88: 500 | E88: =E87+C88-D88 -> 15282
A89: 43314 | B89: INDONAKANO-HIRUTA | C89: 123 | E89: =E88+C89-D89 -> 15405
A90: 43314 | B90: NINDYA-LTM KSO PUSK.MANGGARAI | C90: 137 | E90: =E89+C90-D90 -> 15542
A91: 43324 | B91: NINDYA KARYA-HARKIT | C91: 31 | E91: =E90+C91-D91 -> 15573 | F91: COCOK
A92: 43345 | B92: TBP-PAKUBUWONO | C92: 13 | E92: =E91+C92-D92 -> 15586
A93: 43345 | B93: TBP-SEQUIS SUDIRMAN | D93: 100 | E93: =E92+C93-D93 -> 15486 | F93: COCOK
A94: 43375 | B94: IMP-GUDANG BRG TITIPAN | C94: 25 | E94: =E93+C94-D94 -> 15511
A95: 43375 | B95: TBP-GOP-BSD | D95: 100 | E95: =E94+C95-D95 -> 15411
A96: 43436 | B96: TBP-PAKUBUWONO | C96: 10 | E96: =E95+C96-D96 -> 15421 | F96: COCOK
A97: 13/2/2018 | B97: INTERDESIGN-HOTEL SULTAN | C97: 66 | E97: =E96+C97-D97 -> 15487
A98: 13/2/2018 | B98: NINDYA KARYA-HARKIT | C98: 20 | E98: =E97+C98-D98 -> 15507
A99: 13/2/2018 | B99: INDONAKANO-HIRUTA | C99: 187 | E99: =E98+C99-D99 -> 15694
A100: 14/2/2018 | B100: TBP-LAVIE | C100: 300 | E100: =E99+C100-D100 -> 15994
A101: 14/2/2018 | B101: NINDYA-LTM KSO-BIDARA CINA | C101: 77 | E101: =E100+C101-D101 -> 16071
A102: 13/2/2018 | B102: TBP-PAKUBUWONO | C102: 3 | E102: =E101+C102-D102 -> 16074
...

Sheet JB 60
A2: NAMA BARANG : JACK BASE 60
A4: TGL | B4: NAMA PT-PROYEK | C4: MASUK | D4: KELUAR | E4: SISA | F4: STOK GUDANG WARDI | G4: KETERANGAN
B5: SISA STOK 2017 | E5: 5968
A6: 43132 | B6: NINDYA KARYA-04 MERUYA | C6: 57 | E6: =E5+C6-D6 -> 6025
A7: 43132 | B7: GLOBAL-AROSA | C7: 2 | E7: =E6+C7-D7 -> 6027
A8: 43132 | B8: GLOBAL-AROSA | C8: 109 | E8: =E7+C8-D8 -> 6136
A9: 43132 | B9: ACSET-MCC | C9: 151 | E9: =E8+C9-D9 -> 6287
A10: 43160 | B10: INDONAKANO-PANASONIC GOBEL 39+102 | C10: 141 | E10: =E9+C10-D10 -> 6428
A11: 43160 | B11: BHINEKA-AHM | C11: 150 | E11: =E10+C11-D11 -> 6578
A12: 43160 | B12: WIKA-TRANS CIBUBUR | D12: 400 | E12: =E11+C12-D12 -> 6178 | G12: COCOK
A13: 43191 | B13: GLOBAL-AROSA | C13: 5 | E13: =E12+C13-D13 -> 6183
A14: 43191 | B14: GLOBAL-AROSA | C14: 77 | E14: =E13+C14-D14 -> 6260
A15: 43191 | B15: TBP-BBSI.JO | C15: 50 | E15: =E14+C15-D15 -> 6310 | G15: COCOK
A16: 43221 | B16: NINDYA KARYA-RS.HARKIT | C16: 200 | E16: =E15+C16-D16 -> 6510
A17: 43221 | B17: NINDYA.LTM KSO-PUSK.CEGER | C17: 192 | E17: =E16+C17-D17 -> 6702
A18: 43221 | B18: BHINEKA - AHM 180+50 | C18: 230 | E18: =E17+C18-D18 -> 6932
A19: 43221 | B19: WIKA-TRANS CIBUBUR 400+400 | D19: 800 | E19: =E18+C19-D19 -> 6132 | G19: COCOK
A20: 43252 | B20: NINDYA KARYA-HARAPAN KITA 180+20+6 | C20: 206 | E20: =E19+C20-D20 -> 6338
A21: 43252 | B21: PMI-TOTO | C21: 60 | E21: =E20+C21-D21 -> 6398
A22: 43252 | B22: WIKA-TRANS CIBUBUR 676+324 | D22: 1000 | E22: =E21+C22-D22 -> 5398
A23: 43313 | B23: INDONAKANO-PANASONIC GOBEL | C23: 22 | E23: =E22+C23-D23 -> 5420 | G23: COCOK
A24: 43313 | B24: INDONAKANO-SEIWA | C24: 42 | E24: =E23+C24-D24 -> 5462
A25: 43313 | B25: INDONAKANO-THAISUMIT | C25: 170 | E25: =E24+C25-D25 -> 5632
A26: 42979 | B26: BHINEKA-AHM | C26: 207 | E26: =E25+C26-D26 -> 5839
A27: 42979 | B27: BHINEKA-AHM | C27: 83 | E27: =E26+C27-D27 -> 5922
A28: 42979 | B28: WIKA-TRANS CIBUBUR | D28: 400 | E28: =E27+C28-D28 -> 5522 | G28: COCOK
A29: 43374 | B29: INDONAKANO-SEIWA | C29: 50 | E29: =E28+C29-D29 -> 5572
A30: 43374 | B30: WIKA-TRANS CIBUBUR | D30: 400 | E30: =E29+C30-D30 -> 5172 | G30: COCOK
A31: 43405 | B31: NINDYA KARYA-SDN KEB.JERUK 06 | C31: 4 | E31: =E30+C31-D31 -> 5176
A32: 43405 | B32: BHINEKA-AHM 136+46 | C32: 182 | E32: =E31+C32-D32 -> 5358
A33: 43435 | B33: NINDYA KARYA-HARAPAN KITA | C33: 141 | E33: =E32+C33-D33 -> 5499 | G33: COCOK
A34: 13/1/2018 | B34: PMI-TOTO | C34: 52 | E34: =E33+C34-D34 -> 5551
A35: 13/1/2018 | B35: BHINEKA-AHM | C35: 3 | E35: =E34+C35-D35 -> 5554
A36: 15/1/2018 | B36: NINDYA-LTM KSO-JOHAR BARU 24+10+2 | C36: 36 | E36: =E35+C36-D36 -> 5590
A37: 15/1/2018 | B37: ACSET-MCC | C37: 200 | E37: =E36+C37-D37 -> 5790
A38: 16/1/2018 | B38: INDONAKANO-HIRUTA | C38: 137 | E38: =E37+C38-D38 -> 5927
A39: 16/1/2018 | B39: INDONAKANO-THAI SUMMIT | C39: 35 | E39: =E38+C39-D39 -> 5962
A40: 17/1/2018 | B40: NINDYA-LTM KSO-PUSK.CEGER | C40: 9 | E40: =E39+C40-D40 -> 5971
A41: 17/1/2018 | B41: PMI-TOTO(CIKOKOL) | C41: 30 | E41: =E40+C41-D41 -> 6001
A42: 17/1/2018 | B42: NINDYA KARYA-RS.HARKIT | C42: 382 | E42: =E41+C42-D42 -> 6383
A43: 17/1/2018 | B43: JKA-JOB GDNG | C43: 5 | E43: =E42+C43-D43 -> 6388
A44: 18/1/2018 | B44: INDONAKANO-THAI SUMMIT | C44: 17 | E44: =E43+C44-D44 -> 6405
A45: 19/1/2018 | B45: ACSET-MCC | C45: 60 | E45: =E44+C45-D45 -> 6465 | G45: COCOK
A46: 20/1/2018 | B46: CONCREAT-EBONY KAPUK | D46: 236 | E46: =E45+C46-D46 -> 6229
A47: 21/1/2018 | B47: WIKA-TRANS CIBUBUR | D47: 300 | E47: =E46+C47-D47 -> 5929 | G47: COCOK
A48: 22/1/2018 | B48: TOTAL-BBSI.JO | C48: 50 | E48: =E47+C48-D48 -> 5979
A49: 22/1/2018 | B49: WIKA-TRANS CIBUBUR | D49: 200 | E49: =E48+C49-D49 -> 5779
A50: 23/1/2018 | B50: WIKA-TRANS CIBUBUR | D50: 270 | E50: =E49+C50-D50 -> 5509 | G50: COCOK
A51: 24/1/2018 | B51: NINDYA KARYA-RS.HARKIT | C51: 27 | E51: =E50+C51-D51 -> 5536
A52: 24/1/2018 | B52: CSQC-NKE | D52: 260 | E52: =E51+C52-D52 -> 5276
A53: 24/1/2018 | B53: WIKA-TRANS CIBUBUR 166+170 | D53: 336 | E53: =E52+C53-D53 -> 4940 | G53: COCOK
A54: 25/1/2018 | B54: TBP-LAVIE | C54: 72 | E54: =E53+C54-D54 -> 5012
A55: 25/1/2018 | B55: TBP-PAKUBUWONO | C55: 2 | E55: =E54+C55-D55 -> 5014
A56: 25/1/2018 | B56: ACSET-WEST VISTA | C56: 100 | E56: =E55+C56-D56 -> 5114
A57: 25/1/2018 | B57: WIKA GEDUNG-TRANS CIBUBUR | D57: 600 | E57: =E56+C57-D57 -> 4514
A58: 25/1/2018 | B58: NINDYA KARYA - VENUE LAYAR | D58: 300 | E58: =E57+C58-D58 -> 4214
A59: 26/1/2018 | B59: TBP-LAVIE | C59: 22 | E59: =E58+C59-D59 -> 4236
A60: 26/1/2018 | B60: INDONAKANO-PANASONIC GOBEL | C60: 30 | E60: =E59+C60-D60 -> 4266
A61: 26/1/2018 | B61: PMI-TOTO | C61: 148 | E61: =E60+C61-D61 -> 4414
A62: 26/1/2018 | B62: LENA-MENTENG | C62: 14 | E62: =E61+C62-D62 -> 4428
A63: 26/1/2018 | B63: WIKA-TRANS CIBUBUR | D63: 600 | E63: =E62+C63-D63 -> 3828 | G63: COCOK
A64: 27/1/2018 | B64: PMI-MCC (CIKOKOL) | C64: 242 | E64: =E63+C64-D64 -> 4070
A65: 27/1/2018 | B65: WIKA-TRANS CIBUBUR 600+500 | D65: 1100 | E65: =E64+C65-D65 -> 2970
A66: 29/1/2018 | B66: NINDYA KARYA-HARAPAN KITA | C66: 6 | E66: =E65+C66-D66 -> 2976
A67: 29/1/2018 | B67: ACSET-MCC | C67: 42 | E67: =E66+C67-D67 -> 3018
A68: 29/1/2018 | B68: WIKA- TRANS CIBUBUR 500+360 | D68: 860 | E68: =E67+C68-D68 -> 2158 | G68: COCOK
A69: 30/1/2018 | B69: ALI-MARJUKI | C69: 250 | E69: =E68+C69-D69 -> 2408
A70: 30/1/2018 | B70: NINDYA-LTM KSO | C70: 10 | E70: =E69+C70-D70 -> 2418
A71: 30/1/2018 | B71: WIKA-TRANS CIBUBUR | D71: 87 | E71: =E70+C71-D71 -> 2331 | G71: COCOK
A72: 31/1/2018 | B72: NINDYA KARYA-HARKIT | C72: 2 | E72: =E71+C72-D72 -> 2333
A73: 31/1/2018 | B73: ACSET-MCC 34 | C73: 34 | E73: =E72+C73-D73 -> 2367 | G73: COCOK
A74: 43102 | B74: POLABAJA-INDRAMAYU | C74: 16 | E74: =E73+C74-D74 -> 2383
A75: 43102 | B75: NINDYA KARYA-VENUE LAYAR | D75: 300 | E75: =E74+C75-D75 -> 2083 | G75: COCOK
A76: 43133 | B76: GLOBAL-AROSA | C76: 16 | E76: =E75+C76-D76 -> 2099
A77: 43133 | B77: INDONAKANO-THAI SUMMIT | C77: 66 | E77: =E76+C77-D77 -> 2165
A78: 43133 | B78: ACSET-MCC | C78: 50 | E78: =E77+C78-D78 -> 2215 | G78: COCOK
A79: 43222 | B79: INDONAKANO-YAMADA | C79: 9 | E79: =E78+C79-D79 -> 2224
A80: 43222 | B80: NINDYA -KTM KSO MANGGARAI | C80: 19 | E80: =E79+C80-D80 -> 2243
A81: 43222 | B81: NINDYA -KTM KSO MENTENG | C81: 25 | E81: =E80+C81-D81 -> 2268
A82: 43222 | B82: WIKA-TRANS CIBUBUR | D82: 150 | E82: =E81+C82-D82 -> 2118 | G82: COCOK
A83: 43253 | B83: NINDYA - LTM KSO-PUSK. JOHAR BARU | C83: 40 | E83: =E82+C83-D83 -> 2158 | G83: COCOK
A84: 43283 | B84: SINAR LOGAM-H.WAKI | C84: 700 | E84: =E83+C84-D84 -> 2858
A85: 43283 | B85: NINDYA - LTM KSO-PUSK.SEMPER BARAT III | C85: 21 | E85: =E84+C85-D85 -> 2879
A86: 43283 | B86: NINDYA-LTM KSO-PUSK.CEMPAKA PTH | C86: 7 | E86: =E85+C86-D86 -> 2886
A87: 43283 | B87: NINDYA KARYA-VENUE LAYAR | D87: 800 | E87: =E86+C87-D87 -> 2086
A88: 43314 | B88: INDONAKANO-HIRUTA | C88: 40 | E88: =E87+C88-D88 -> 2126
A89: 43314 | B89: NINDYA LTM KSO-PUSK.MANGGARAI 5+38 | C89: 43 | E89: =E88+C89-D89 -> 2169
A90: 43324 | B90: NINDYA KARYA-HARKIT | C90: 3 | E90: =E89+C90-D90 -> 2172
A91: 43314 | B91: TBP-VERDE KUNINGAN | D91: 30 | E91: =E90+C91-D91 -> 2142 | G91: COCOK
A92: 43345 | B92: TBP-BBSI.JO | C92: 25 | E92: =E91+C92-D92 -> 2167
A93: 43345 | B93: NINDYA-LTM KSO-PUSK.KEBON SIRIH | C93: 42 | E93: =E92+C93-D93 -> 2209 | G93: COCOK
A94: 43375 | B94: TBP-GOP-BSD | D94: 80 | E94: =E93+C94-D94 -> 2129
A95: 13/2/2018 | B95: NINDYA-LTM KSO-JOHAR BARU 38+4 | C95: 42 | E95: =E94+C95-D95 -> 2171
A96: 13/2/2018 | B96: NINDYA KARYA-HARKIT | C96: 5 | E96: =E95+C96-D96 -> 2176
A97: 13/2/2018 | B97: INDONAKANO-HIRUTA | C97: 76 | E97: =E96+C97-D97 -> 2252
A98: 13/2/2018 | B98: TBP-VERDE KUNINGAN | D98: 70 | E98: =E97+C98-D98 -> 2182
A99: 15/2/2018 | B99: TBP-BEJ | D99: 130 | E99: =E98+C99-D99 -> 2052
A100: 17/2/2018 | B100: TBP-VERDE KUNINGAN | C100: 151 | E100: =E99+C100-D100 -> 2203
A101: 17/2/2018 | B101: INDONAKANO-TERAOKA-KARAWANG | D101: 20 | E101: =E100+C101-D101 -> 2183
A102: 17/2/2018 | B102: TBP-BEJ-SUDIRMAN | D102: 58 | E102: =E101+C102-D102 -> 2125
...

Sheet UHEAD 60
A1: NAMA BARANG : U-HEAD JACK 60
A3: TGL | B3: NAMA PROYEK | C3: MASUK | D3: KELUAR | E3: SISA | F3: KETERANGAN
B4: SISA STOK 2017 | E4: 4534
A5: 43132 | B5: NINDYA KARYA-SDDN 04 MERUYA | C5: 64 | E5: =E4+C5-D5 -> 4598
A6: 43132 | B6: GLOBAL-AROSA | C6: 2 | E6: =E5+C6-D6 -> 4600
A7: 43132 | B7: GLOBAL-AROSA | C7: 8 | E7: =E6+C7-D7 -> 4608
A8: 43132 | B8: ACSET-MCC | C8: 150 | E8: =E7+C8-D8 -> 4758
A9: 43132 | B9: ACSET-MCC | C9: 43 | E9: =E8+C9-D9 -> 4801
A10: 43160 | B10: INDONAKANO-PANASONIC GOBEL | C10: 124 | E10: =E9+C10-D10 -> 4925
A11: 43160 | B11: BHINEKA-AHM 80+116+99+36+1 | C11: 332 | E11: =E10+C11-D11 -> 5257
A12: 43160 | B12: BHINEKA-AHM | C12: 200 | E12: =E11+C12-D12 -> 5457
A13: 43160 | B13: WIKA-TRANS CIBUBUR | D13: 400 | E13: =E12+C13-D13 -> 5057 | F13: COCOK
A14: 43191 | B14: GLOBAL-AROSA 18+4 | C14: 22 | E14: =E13+C14-D14 -> 5079
A15: 43191 | B15: GLOBAL-AROSA | C15: 3 | E15: =E14+C15-D15 -> 5082
A16: 43191 | B16: TBP-BBSI.JO | C16: 50 | E16: =E15+C16-D16 -> 5132 | F16: COCOK
A17: 43221 | B17: NINDYA KARYA-RS.HARKIT | C17: 325 | E17: =E16+C17-D17 -> 5457
A18: 43221 | B18: NINDYA.LTM KSO-PUSK.CEGER | C18: 32 | E18: =E17+C18-D18 -> 5489
A19: 42856 | B19: BHINEKA-AHM 75+80 | C19: 155 | E19: =E18+C19-D19 -> 5644
A20: 43221 | B20: WIKA-TRANS CIBUBUR 400+400 | D20: 800 | E20: =E19+C20-D20 -> 4844 | F20: COCOK
A21: 43252 | B21: NINDYA KARYA-HARIKIT 213+6+8 | C21: 227 | E21: =E20+C21-D21 -> 5071
A22: 43252 | B22: PMI-TOTO | C22: 118 | E22: =E21+C22-D22 -> 5189
A23: 43252 | B23: WIKA-TRANS CIBUBUR 600+400 | D23: 1000 | E23: =E22+C23-D23 -> 4189
A24: 43313 | B24: NINYA LTM KSO-PUSK.CILILITAN | C24: 9 | E24: =E23+C24-D24 -> 4198
A25: 43313 | B25: INDONAKANO-PANASONIC GOBEL | C25: 33 | E25: =E24+C25-D25 -> 4231 | F25: COCOK
A26: 43313 | B26: INDONAKANO-SEIWA | C26: 5 | E26: =E25+C26-D26 -> 4236
A27: 43313 | B27: INDONAKANO-THAISUMMIT | C27: 15 | E27: =E26+C27-D27 -> 4251
A28: 42979 | B28: BHINEKA-AHM | C28: 248 | E28: =E27+C28-D28 -> 4499
A29: 42979 | B29: BHINEKA-AHM | C29: 84 | E29: =E28+C29-D29 -> 4583
A30: 42979 | B30: WIKA-CIBUBUR | D30: 400 | E30: =E29+C30-D30 -> 4183 | F30: COCOK
A31: 43374 | B31: NINDYA KARYA-SDN 04 MERUYA | C31: 2 | E31: =E30+C31-D31 -> 4185
A32: 43374 | B32: WIKA-TRANS CIBUBUR | D32: 400 | E32: =E31+C32-D32 -> 3785 | F32: COCOK
A33: 43405 | B33: NINDYA KARYA-SDN KEB.JERUK 06 | C33: 3 | E33: =E32+C33-D33 -> 3788
A34: 43405 | B34: BHINEKA-AHM 111+51 | C34: 162 | E34: =E33+C34-D34 -> 3950
A35: 43435 | B35: NINDYA KARYA-HARAPAN KITA | C35: 347 | E35: =E34+C35-D35 -> 4297
A36: 43435 | B36: BHINEKA-AHM 184+125+2 | C36: 311 | E36: =E35+C36-D36 -> 4608 | F36: COCOK
A37: 13/1/2018 | B37: PMI-TOTO | C37: 87 | E37: =E36+C37-D37 -> 4695
A38: 13/1/2018 | B38: BHINEKA-AHM 50+28 | C38: 78 | E38: =E37+C38-D38 -> 4773
A39: 15/1/2018 | B39: ACSET-MCC 84+6 | C39: 90 | E39: =E38+C39-D39 -> 4863
A40: 16/1/2018 | B40: INDONAKANO-HIRUTA | C40: 5 | E40: =E39+C40-D40 -> 4868
A41: 16/1/2018 | B41: INDONAKANO-THAI SUMMIT | C41: 24 | E41: =E40+C41-D41 -> 4892 | F41: COCOK
A42: 17/1/2018 | B42: NINDYA-LTM KSO-PUSK.CEGER | C42: 4 | E42: =E41+C42-D42 -> 4896
A43: 17/1/2018 | B43: NINDYA KARYA-RS.HARKIT | C43: 343 | E43: =E42+C43-D43 -> 5239
A44: 17/1/2018 | B44: JKA-JOB GDNG | C44: 4 | E44: =E43+C44-D44 -> 5243
A45: 18/1/2018 | B45: INDONAKANO-THAI SUMMIT | C45: 3 | E45: =E44+C45-D45 -> 5246
A46: 19/1/2018 | B46: ACSET-MCC 166+10 | C46: 176 | E46: =E45+C46-D46 -> 5422
A47: 19/1/2018 | B47: ACSET-MCC (CIKOKOL) | C47: 243 | E47: =E46+C47-D47 -> 5665 | F47: COCOK
A48: 21/1/2018 | B48: WIKA-TRANS CIBUBUR | D48: 300 | E48: =E47+C48-D48 -> 5365 | F48: COCOK
A49: 22/1/2018 | B49: TOTAL-BBSI.JO | C49: 25 | E49: =E48+C49-D49 -> 5390
A50: 22/1/2018 | B50: WIKA-TRANS CIBUBUR | D50: 200 | E50: =E49+C50-D50 -> 5190
A51: 23/1/2018 | B51: WIKA-TRANS CIBUBUR | D51: 270 | E51: =E50+C51-D51 -> 4920 | F51: COCOK
A52: 24/1/2018 | B52: INDONAKANO-HIRUTA | C52: 2 | E52: =E51+C52-D52 -> 4922
A53: 24/1/2018 | B53: NINDYA KARYA-RS.HARKIT | C53: 29 | E53: =E52+C53-D53 -> 4951
A54: 24/1/2018 | B54: WIKA-TRANS CIBUBUR 166+170 | D54: 336 | E54: =E53+C54-D54 -> 4615 | F54: COCOK
A55: 25/1/2018 | B55: TBP-LAVIE | C55: 50 | E55: =E54+C55-D55 -> 4665
A56: 25/1/2018 | B56: WIKA GEDUNG-TRANS CIBUBUR | D56: 600 | E56: =E55+C56-D56 -> 4065
A57: 25/1/2018 | B57: NINDYA KARYA - VENUE LAYAR | D57: 300 | E57: =E56+C57-D57 -> 3765
A58: 26/1/2018 | B58: CONCREAT-JL.MPR R.DLM CILANDAK | C58: 42 | E58: =E57+C58-D58 -> 3807
A59: 26/1/2018 | B59: INDONAKANO-PANASONIC GOBEL | C59: 35 | E59: =E58+C59-D59 -> 3842
A60: 26/1/2018 | B60: PMI-TOTO 65+20 | C60: 85 | E60: =E59+C60-D60 -> 3927
A61: 26/1/2018 | B61: LENA-MENTENG 322+56+7 | C61: 385 | E61: =E60+C61-D61 -> 4312
A62: 26/1/2018 | B62: WIKA-TRANS CIBUBUR | D62: 600 | E62: =E61+C62-D62 -> 3712 | F62: COCOK
A63: 27/1/2018 | B63: WIKA-TRANS CIBUBUR 600+500 | D63: 1100 | E63: =E62+C63-D63 -> 2612
A64: 28/1/2018 | B64: INDONAKANO-PANASONIC GOBEL | C64: 28 | E64: =E63+C64-D64 -> 2640
A65: 29/1/2018 | B65: NINDYA KARYA-HARAPAN KITA | C65: 16 | E65: =E64+C65-D65 -> 2656
A66: 29/1/2018 | B66: ACSET-MCC | C66: 66 | E66: =E65+C66-D66 -> 2722
A67: 29/1/2018 | B67: ACSET-MCC | C67: 4 | E67: =E66+C67-D67 -> 2726
A68: 29/1/2018 | B68: WIKA- TRANS CIBUBUR 500+600 | D68: 1100 | E68: =E67+C68-D68 -> 1626 | F68: COCOK
A69: 30/1/2018 | B69: ALI-MARJUKI | C69: 200 | E69: =E68+C69-D69 -> 1826
A70: 30/1/2018 | B70: NINDYA-LTM KSO | C70: 60 | E70: =E69+C70-D70 -> 1886
A71: 30/1/2018 | B71: WIKA-TRANS CIBUBUR | D71: 624 | E71: =E70+C71-D71 -> 1262 | F71: COCOK
A72: 31/1/2018 | B72: NINDYA KARYA-HARKIT | C72: 23 | E72: =E71+C72-D72 -> 1285
A73: 31/1/2018 | B73: ACSET-MCC | C73: 67 | E73: =E72+C73-D73 -> 1352 | F73: COCOK
A74: 43102 | B74: POLABAJA-INDRAMAYU | C74: 147 | E74: =E73+C74-D74 -> 1499
A75: 43102 | B75: NINDYA KARYA-VENUE LAYAR | D75: 300 | E75: =E74+C75-D75 -> 1199 | F75: COCOK
A76: 43133 | B76: GLOBAL-AROSA | C76: 50 | E76: =E75+C76-D76 -> 1249
A77: 43133 | B77: INDONAKANO-THAI SUMMIT | C77: 4 | E77: =E76+C77-D77 -> 1253 | F77: COCOK
A78: 43222 | B78: NINDYA KARYA-HARKIT | C78: 35 | E78: =E77+C78-D78 -> 1288
A79: 43222 | B79: INDONAKANO-YAMADA | C79: 94 | E79: =E78+C79-D79 -> 1382
A80: 43222 | B80: NINDYA -KTM KSO | C80: 2 | E80: =E79+C80-D80 -> 1384
A81: 43222 | B81: NINDYA -KTM KSO MENTENG | C81: 23 | E81: =E80+C81-D81 -> 1407
A82: 43222 | B82: WIKA-TRANS CIBUBUR | D82: 500 | E82: =E81+C82-D82 -> 907 | F82: COCOK
A83: 43253 | B83: NINDYA - LTM KSO-PUSKESMAS MANGGARAI | C83: 1 | E83: =E82+C83-D83 -> 908
A84: 43253 | B84: ACSET-MCC 2+77 | C84: 79 | E84: =E83+C84-D84 -> 987 | F84: COCOK
A85: 43283 | B85: SINAR LOGAM-H.WAKI | C85: 700 | E85: =E84+C85-D85 -> 1687
A86: 43283 | B86: NINDYA - LTM KSO-BIDARA CINA | C86: 11 | E86: =E85+C86-D86 -> 1698
A87: 43283 | B87: NINDYA - LTM KSO-PUSK.SEMPER BARAT III | C87: 108 | E87: =E86+C87-D87 -> 1806
A88: 43283 | B88: NINDYA KARYA-VENUE LAYAR | D88: 800 | E88: =E87+C88-D88 -> 1006
A89: 43283 | B89: WIKA-TRANS CIBUBUR | D89: 500 | E89: =E88+C89-D89 -> 506
A90: 43314 | B90: NINDYA-LTM KSO-PUSK.MANGGARAI 67+5 | C90: 72 | E90: =E89+C90-D90 -> 578
A91: 43324 | B91: NINDYA KARYA-HARKIT | C91: 10 | E91: =E90+C91-D91 -> 588
A92: 43345 | B92: TBP-BBSI.JO | C92: 25 | E92: =E91+C92-D92 -> 613
A93: 43345 | B93: NINDYA-LTM KSO-PUSK.KEBON SIRIH | C93: 170 | E93: =E92+C93-D93 -> 783
A94: 13/2/2018 | B94: ACSET-MCC 145+11 | C94: 156 | E94: =E93+C94-D94 -> 939
A95: 13/2/2018 | B95: NINDYA KARYA-HARKIT | C95: 5 | E95: =E94+C95-D95 -> 944
A96: 14/2/2018 | B96: NINDYA-LTM KSO-BIDARA CINA | C96: 16 | E96: =E95+C96-D96 -> 960
A97: 15/2/2018 | B97: TBP-BEJ | D97: 50 | E97: =E96+C97-D97 -> 910
A98: 17/2/2018 | B98: H.WAKI-GDNG RAMBUTAN | D98: 450 | E98: =E97+C98-D98 -> 460
A99: 19/2/2018 | B99: NINDYA - LTM KSO PUSKESMAS DUREN SAWIT | C99: 172 | E99: =E98+C99-D99 -> 632
A100: 19/2/2018 | B100: NINDYA KARYA-HARKIT | C100: 6 | E100: =E99+C100-D100 -> 638
A101: 19/2/2018 | B101: PMI-TOTO | C101: 11 | E101: =E100+C101-D101 -> 649
...

Sheet JB40
A2: NAMA BARANG : JB40
A4: TGL | B4: NAMA PT-PROYEK | C4: MASUK | D4: KELUAR | E4: SISA | F4: KETERANGAN
B5: Sisa stok 2017 | E5: 370
A6: 42856 | B6: BHINEKA-AHM | C6: 25 | E6: =E5+C6-D6 -> 395
A7: 43405 | B7: BHINEKA-AHM | C7: 4 | E7: =E6+C7-D7 -> 399
A8: 43435 | B8: BHINEKA-AHM | C8: 48 | E8: =E7+C8-D8 -> 447
A9: 43435 | B9: BPK-SAIDI | D9: 30 | E9: =E8+C9-D9 -> 417
A10: 13/1/2018 | B10: BHINEKA-AHM 24+3 | C10: 27 | E10: =E9+C10-D10 -> 444
A11: 16/1/2018 | B11: EVI JAYA-SAEDI CENGKARENG | D11: 42 | E11: =E10+C11-D11 -> 402
A12: 23/1/2018 | B12: ACSET-WEST VISTA | C12: 50 | E12: =E11+C12-D12 -> 452
A13: 25/1/2018 | B13: ACSET-WEST VISTA | C13: 24 | E13: =E12+C13-D13 -> 476
A14: 43222 | B14: NINDYA -KTM KSO | C14: 13 | E14: =E13+C14-D14 -> 489
A15: 43345 | B15: TBP-SEQUIS SUDIRMAN | D15: 100 | E15: =E14+C15-D15 -> 389
A16: 26/2/2018 | B16: NINDYA-LTM KSO.PUSK-X-DERES | C16: 5 | E16: =E15+C16-D16 -> 394 | F16: COCOK
A17: 43103 | B17: BHINEKA-AHM | C17: 20 | E17: =E16+C17-D17 -> 414
A18: 43254 | B18: BCP-AHM | C18: 4 | E18: =E17+C18-D18 -> 418
A19: 43376 | B19: BCP-AHM | C19: 9 | E19: =E18+C19-D19 -> 427
A20: 43376 | B20: INDONAKANO-SEIWA | D20: 20 | E20: =E19+C20-D20 -> 407
A21: 26/3/2018 | B21: INDONAKANO-SEIWA | C21: 22 | E21: =E20+C21-D21 -> 429
A22: 43438 | B22: BCP-AHM 23+13 | C22: 36 | E22: =E21+C22-D22 -> 465 | F22: COCOK
A23: 20/4/2018 | B23: TBP-VERDE | D23: 50 | E23: =E22+C23-D23 -> 415 | F23: COCOK
A24: 21/4/2018 | B24: NKE-WCT KUNIGAN | D24: 90 | E24: =E23+C24-D24 -> 325 | F24: COCOK
A25: 22/5/2018 | B25: BCP-AHM | C25: 5 | E25: =E24+C25-D25 -> 330
A26: 22/5/2018 | B26: BCP-AHM | C26: 2 | E26: =E25+C26-D26 -> 332 | F26: COCOK
A27: 31/5/2018 | B27: NKE-WCT | C27: 79 | E27: =E26+C27-D27 -> 411 | F27: COCOK
A28: 43226 | B28: TBP-SQUISE TOWER | C28: 24 | E28: =E27+C28-D28 -> 435 | F28: COCOK

Sheet UH40
A2: NAMA BARANG : UH40
A4: TGL | B4: NAMA PT-PROYEK | C4: MASUK | D4: KELUAR | E4: SISA | F4: KETERANGAN
B5: Sisa stok 2017 | E5: 300
A6: 42856 | B6: BHINEKA-AHM | C6: 95 | E6: =E5+C6-D6 -> 395
A7: 43405 | B7: BHINEKA-AHM 77+5 | C7: 82 | E7: =E6+C7-D7 -> 477
A8: 43435 | B8: BHINEKA-AHM 112+3+3 | C8: 118 | E8: =E7+C8-D8 -> 595
A9: 43435 | B9: BPK-SAIDI | D9: 73 | E9: =E8+C9-D9 -> 522
A10: 13/1/2018 | B10: BHINEKA-AHM | C10: 10 | E10: =E9+C10-D10 -> 532
A11: 43222 | B11: NINDYA -KTM KSO | C11: 32 | E11: =E10+C11-D11 -> 564
A12: 43283 | B12: NINDYA - LTM KSO-PUSK.SEMPER BARAT III | C12: 8 | E12: =E11+C12-D12 -> 572
A13: 26/2/2018 | B13: NINDYA-LTM KSO.PUSK-X-DERES | C13: 5 | E13: =E12+C13-D13 -> 577
A14: 43103 | B14: BHINEKA-AHM | C14: 35 | E14: =E13+C14-D14 -> 612
A15: 43254 | B15: BCP-AHM | C15: 6 | E15: =E14+C15-D15 -> 618
A16: 43376 | B16: BCP-AHM | C16: 38 | E16: =E15+C16-D16 -> 656
A17: 43438 | B17: BCP-AHM | C17: 74 | E17: =E16+C17-D17 -> 730 | F17: COCOK
A18: 43378 | B18: BHINEKA-DELTA MAS | C18: 7 | E18: =E17+C18-D18 -> 737 | F18: COCOK
A19: 22/5/2018 | B19: BCP-AHM | C19: 8 | E19: =E18+C19-D19 -> 745
A20: 22/5/2018 | B20: BCP-AHM | C20: 1 | E20: =E19+C20-D20 -> 746 | F20: COCOK

Sheet TIANG.TANGGA
A1: NAMA BARANG : TIANG TANGGA
A3: TGL | B3: NAMA PT-PROYEK | C3: MASUK | D3: KELUAR | E3: SISA | F3: KETERANGAN
A4: 19/10/2017 | B4: EVI JAYA | C4: 50 | E4: 50
A5: 18/4/2018 | B5: TBP-VERDE KUNINGAN | D5: 10 | E5: =E4+C5-D5 -> 40

Sheet STAIR
A2: NAMA BARANG : STAIR / TANGGA
A4: TGL | B4: NAMA PT-PROYEK | C4: MASUK | D4: KELUAR | E4: SISA | F4: KETERANGAN
B5: Sisa stok 2017 | E5: 581
A6: 43191 | B6: TBP-BBSI.JO | C6: 12 | E6: =E5+C6-D6 -> 593 | F6: COCOK
A7: 43344 | B7: TOTAL-BBSI.JO | C7: 10 | E7: =E6+C7-D7 -> 603 | F7: COCOK
A8: 43374 | B8: INDONAKANO-SEIWA | C8: 12 | E8: =E7+C8-D8 -> 615
A9: 43374 | B9: BCP-AHM 103+66 | C9: 169 | E9: =E8+C9-D9 -> 784 | F9: COCOK
A10: 43435 | B10: TBP-RS.GRAHA | C10: 40 | E10: =E9+C10-D10 -> 824
A11: 43435 | B11: BHINEKA-AHM | C11: 10 | E11: =E10+C11-D11 -> 834
A12: 13/1/2018 | B12: BHINEKA-AHM 4+47 | C12: 51 | E12: =E11+C12-D12 -> 885
A13: 15/1/2018 | B13: BHINEKA-AHM | C13: 1 | E13: =E12+C13-D13 -> 886
A14: 16/1/2018 | B14: INDONAKANO-HIRUTA | C14: 4 | E14: =E13+C14-D14 -> 890
A15: 17/1/2018 | B15: JKA-JOB GDNG | C15: 4 | E15: =E14+C15-D15 -> 894
A16: 18/1/2018 | B16: INDONAKANO-THAI SUMMIT | C16: 10 | E16: =E15+C16-D16 -> 904
A17: 22/1/2018 | B17: TBP-BBSI.JO | C17: 22 | E17: =E16+C17-D17 -> 926
A18: 22/1/2018 | B18: NKE-CHADSTONE | C18: 15 | E18: =E17+C18-D18 -> 941
A19: 23/1/2018 | B19: TBP-APARTEMEN AERIUM | D19: 60 | E19: =E18+C19-D19 -> 881
A20: 24/1/2018 | B20: INDONAKANO-HIRUTA 19+6 | C20: 25 | E20: =E19+C20-D20 -> 906
A21: 24/1/2018 | B21: BHINEKA-AHM | D21: 100 | E21: =E20+C21-D21 -> 806
A22: 25/1/2018 | B22: TBP-PAKUBUWONO | C22: 3 | E22: =E21+C22-D22 -> 809
A23: 25/1/2018 | B23: INDONAKANO-SEIWA | D23: 8 | E23: =E22+C23-D23 -> 801
A24: 26/1/2018 | B24: TBP-LAVIE | C24: 6 | E24: =E23+C24-D24 -> 807
A25: 26/1/2018 | B25: INTERDESIGN-LRT PALEMBANG | D25: 48 | E25: =E24+C25-D25 -> 759
A26: 28/1/2018 | B26: INDONAKANO-PANASONIC GOBEL | C26: 3 | E26: =E25+C26-D26 -> 762
A27: 31/1/2018 | B27: TBP-PAKUBUWONO | C27: 7 | E27: =E26+C27-D27 -> 769
A28: 43222 | B28: INDONAKANO-THAI SUMMIT | C28: 9 | E28: =E27+C28-D28 -> 778
A29: 43222 | B29: INDONAKANO-YAMADA | C29: 35 | E29: =E28+C29-D29 -> 813
A30: 43283 | B30: NINDYA KARYA-VENUE LAYAR | D30: 12 | E30: =E29+C30-D30 -> 801
A31: 43314 | B31: INDONAKANO-HIRUTA | C31: 2 | E31: =E30+C31-D31 -> 803
A32: 43345 | B32: TBP-BBSI.JO | C32: 13 | E32: =E31+C32-D32 -> 816
A33: 13/2/2018 | B33: INDONAKANO-HIRUTA | C33: 7 | E33: =E32+C33-D33 -> 823
A34: 15/2/2018 | B34: TBP-BEJ | D34: 20 | E34: =E33+C34-D34 -> 803
A35: 17/2/2018 | B35: TBP-VERDE KUNINGAN | C35: 4 | E35: =E34+C35-D35 -> 807
A36: 17/2/2018 | B36: INDONAKANO-TERAOKA-KARAWANG | D36: 4 | E36: =E35+C36-D36 -> 803
A37: 22/2/2018 | B37: TBP-APT.AERIUM | C37: 30 | E37: =E36+C37-D37 -> 833
A38: 22/2/2018 | B38: WIKA-TRANS CIBUBUR | D38: 50 | E38: =E37+C38-D38 -> 783
A39: 23/2/2018 | B39: INDONAKANO-SEIWA | D39: 18 | E39: =E38+C39-D39 -> 765
A40: 23/2/2018 | B40: NINDYA KARYA-VENUE LAYAR | D40: 18 | E40: =E39+C40-D40 -> 747
A41: 43103 | B41: BHINEKA-AHM | C41: 30 | E41: =E40+C41-D41 -> 777
A42: 43223 | B42: TBP-PAKUBUWONO | C42: 1 | E42: =E41+C42-D42 -> 778
A43: 43223 | B43: INDONAKANO-HIRUTA | C43: 17 | E43: =E42+C43-D43 -> 795
A44: 43223 | B44: BCP-AHM | C44: 74 | E44: =E43+C44-D44 -> 869
A45: 43284 | B45: BCP-AHM | C45: 20 | E45: =E44+C45-D45 -> 889
A46: 43315 | B46: INDONAKANO-THAI SUMMIT | C46: 9 | E46: =E45+C46-D46 -> 898
A47: 43346 | B47: TBP-VERDE 2 | C47: 5 | E47: =E46+C47-D47 -> 903
A48: 43376 | B48: BCP-AHM | C48: 9 | E48: =E47+C48-D48 -> 912
A49: 13/3/2018 | B49: TBP-PAKUBUWONO | C49: 2 | E49: =E48+C49-D49 -> 914
A50: 14/3/2018 | B50: INDONAKANO-HIRUTA | C50: 16 | E50: =E49+C50-D50 -> 930
A51: 15/3/2018 | B51: GELOBAL-AROSA | C51: 2 | E51: =E50+C51-D51 -> 932
A52: 15/3/2018 | B52: ACSET-THAMRIN 9 | D52: 10 | E52: =E51+C52-D52 -> 922
A53: 16/3/2018 | B53: BCP-AHM | C53: 2 | E53: =E52+C53-D53 -> 924
A54: 16/3/2018 | B54: BCP-AHM | C54: 9 | E54: =E53+C54-D54 -> 933
A55: 16/3/2018 | B55: PT-ACSET-THAMRIN9 | D55: 20 | E55: =E54+C55-D55 -> 913
A56: 21/3/2018 | B56: INDONAKANO-PANASONIC GOBEL | C56: 21 | E56: =E55+C56-D56 -> 934
A57: 22/3/2018 | B57: TBP-BURSA EFEK | C57: 10 | E57: =E56+C57-D57 -> 944
A58: 23/3/2018 | B58: TBP-PAKUBUWONO | C58: 3 | E58: =E57+C58-D58 -> 947
A59: 23/3/2018 | B59: GELOBAL-AROSA | C59: 1 | E59: =E58+C59-D59 -> 948
A60: 23/3/2018 | B60: INDONAKANO-YAMADA | C60: 36 | E60: =E59+C60-D60 -> 984
A61: 24/3/2018 | B61: ACSET-THAMRIN 9 | C61: 30 | E61: =E60+C61-D61 -> 1014
A62: 27/3/2018 | B62: TBP-SQUISE TOWER | D62: 20 | E62: =E61+C62-D62 -> 994
A63: 28/3/2018 | B63: TBP-BEJ - SUDIRMAN | C63: 7 | E63: =E62+C63-D63 -> 1001
A64: 28/3/2018 | B64: INDONAKANO-YAMADA | C64: 8 | E64: =E63+C64-D64 -> 1009
A65: 28/3/2018 | B65: INDONAKANO-THAI SUMMIT | C65: 2 | E65: =E64+C65-D65 -> 1011
A66: 28/3/2018 | B66: INDONAKANO-SEIWA | C66: 40 | E66: =E65+C66-D66 -> 1051
A67: 28/3/2018 | B67: TBP-PAKUBUWONO | C67: 5 | E67: =E66+C67-D67 -> 1056
A68: 31/3/2018 | B68: GELOBAL-WISMA FAJAR | D68: 60 | E68: =E67+C68-D68 -> 996
A69: 43135 | B69: INDONAKANO-PANASONIC GOBEL | C69: 11 | E69: =E68+C69-D69 -> 1007
A70: 43347 | B70: TBP-PAKUBUWONO | C70: 5 | E70: =E69+C70-D70 -> 1012 | F70: COCOK
A71: 43438 | B71: TBP-PAKUBUWONO | C71: 2 | E71: =E70+C71-D71 -> 1014 | F71: COCOK
A72: 13/4/2018 | B72: TBP-GOP-BSD | D72: 25 | E72: =E71+C72-D72 -> 989
A73: 16/4/2018 | B73: NINDYA KARYA-VENUE LAYAR | D73: 25 | E73: =E72+C73-D73 -> 964
A74: 16/4/2018 | B74: TBP-THAMRIN 9 | D74: 20 | E74: =E73+C74-D74 -> 944 | F74: COCOK
A75: 17/4/2018 | B75: TBP-THAMRIN 9 | D75: 10 | E75: =E74+C75-D75 -> 934
A76: 18/4/2018 | B76: TBP-VERDE II CONDOMINIUM | D76: 10 | E76: =E75+C76-D76 -> 924 | F76: COCOK
A77: 19/4/2018 | B77: GELOBAL-AROSA | C77: 2 | E77: =E76+C77-D77 -> 926 | F77: COCOK
A78: 20/4/2018 | B78: TBP-VERDE | D78: 10 | E78: =E77+C78-D78 -> 916 | F78: COCOK
A79: 23/4/2018 | B79: WIKA-PS.SENEN | D79: 10 | E79: =E78+C79-D79 -> 906
A80: 23/4/2018 | B80: TBP-VERDE KUNINGAN | D80: 26 | E80: =E79+C80-D80 -> 880 | F80: COCOK
A81: 27/4/2018 | B81: TAKENAKA-ASAHIMAS | D81: 100 | E81: =E80+C81-D81 -> 780
A82: 28/4/2018 | B82: TBP-SQUIS TOWER | C82: 12 | E82: =E81+C82-D82 -> 792
A83: 30/4/2018 | B83: TBP-PAKUBUWONO | C83: 1 | E83: =E82+C83-D83 -> 793
A84: 30/4/2018 | B84: VASTORINDO-TOTO | C84: 2 | E84: =E83+C84-D84 -> 795
A85: 30/4/2018 | B85: TAKENAKA-ASAHIMAS | D85: 40 | E85: =E84+C85-D85 -> 755 | F85: COCOK
A86: 43164 | B86: TAKENAKA-ASAHIMAS | D86: 60 | E86: =E85+C86-D86 -> 695 | F86: COCOK
A87: 43286 | B87: GELORA-WISMA FAJAR | C87: 58 | E87: =E86+C87-D87 -> 753
A88: 43409 | B88: NKE-CHADSTONE | C88: 117 | E88: =E87+C88-D88 -> 870
A89: 14/5/2018 | B89: TBP-VERDE II CONDOMINIUM | C89: 17 | E89: =E88+C89-D89 -> 887
A90: 14/5/2018 | B90: TBP-LAVIE | C90: 15 | E90: =E89+C90-D90 -> 902
A91: 15/5/2018 | B91: WIKA-RESIDECE BSD | D91: 30 | E91: =E90+C91-D91 -> 872 | F91: COCOK
A92: 18/5/2018 | B92: INDONAKANO-AKS | D92: 15 | E92: =E91+C92-D92 -> 857
A93: 22/5/2018 | B93: BCP-AHM | C93: 14 | E93: =E92+C93-D93 -> 871
A94: 22/5/2018 | B94: BCP-AHM | C94: 14 | E94: =E93+C94-D94 -> 885
A95: 23/5/2018 | B95: TBP-LAVIE | C95: 2 | E95: =E94+C95-D95 -> 887 | F95: COCOK
A96: 24/5/2018 | B96: INDONAKANO-TERAOKA-KARAWANG | C96: 4 | E96: =E95+C96-D96 -> 891 | F96: COCOK
A97: 25/5/2018 | B97: PT.SOVIN-ROBINA TOWER-GATOT | D97: 6 | E97: =E96+C97-D97 -> 885 | F97: COCOK
A98: 30/5/2018 | B98: TPB-BBSI | C98: 15 | E98: =E97+C98-D98 -> 900
A99: 30/5/2018 | B99: TBP-LAVIE | C99: 3 | E99: =E98+C99-D99 -> 903 | F99: COCOK
A100: 31/5/2018 | B100: TBP-LAVIE | C100: 2 | E100: =E99+C100-D100 -> 905
A101: 43106 | B101: TAKENAKA-ASAHI | D101: 60 | E101: =E100+C101-D101 -> 845 | F101: COCOK
A102: 43137 | B102: TBP-LAVIE | C102: 1 | E102: =E101+C102-D102 -> 846
...

Sheet CAT WALK
A1: NAMA BARANG : CAT WALK
A3: TGL | B3: NAMA PT-PROYEK | C3: MASUK | D3: KELUAR | E3: SISA | F3: KETERANGAN | G3: STOK GUDANG (WARDI)
B4: SISA STOK 2017 | E4: 990
A5: 43132 | B5: TBP-LAVIE | C5: 52 | E5: =E4+C5-D5 -> 1042
A6: 43132 | B6: TBP-BBSI.JO | C6: 19 | E6: =E5+C6-D6 -> 1061
A7: 43160 | B7: TBP-BBSI.JO | C7: 162 | E7: =E6+C7-D7 -> 1223 | F7: COCOK
A8: 43191 | B8: TBP-BBSI.JO | C8: 27 | E8: =E7+C8-D8 -> 1250 | F8: COCOK
A9: 43221 | B9: TBP-LAVIE | C9: 7 | E9: =E8+C9-D9 -> 1257 | F9: COCOK
A10: 43252 | B10: TOTAL-BBSI.JO | C10: 168 | E10: =E9+C10-D10 -> 1425 | F10: COCOK
A11: 43344 | B11: TOTAL-BBSI.JO | C11: 39 | E11: =E10+C11-D11 -> 1464 | F11: COCOK
A12: 43374 | B12: INDONAKANO-SEIWA | C12: 26 | E12: =E11+C12-D12 -> 1490
A13: 43374 | B13: ACSET-VISTA | C13: 63 | E13: =E12+C13-D13 -> 1553 | F13: COCOK
A14: 43405 | B14: TOTAL-BBSI.JO | C14: 20 | E14: =E13+C14-D14 -> 1573
A15: 43405 | B15: TOTAL-BBSI.JO | C15: 14 | E15: =E14+C15-D15 -> 1587
A16: 43405 | B16: POLABAJA-TREEPARK | C16: 11 | E16: =E15+C16-D16 -> 1598
A17: 43435 | B17: TBP-RS.GRAHA 37+8 | C17: 45 | E17: =E16+C17-D17 -> 1643
A18: 43435 | B18: INDONAKANO-THAI SUMMIT | C18: 162 | E18: =E17+C18-D18 -> 1805 | F18: COCOK
A19: 43435 | B19: TOTAL-THAMRIN | D19: 162 | E19: =E18+C19-D19 -> 1643
A20: 13/1/2018 | B20: TBP-LAVIE | C20: 11 | E20: =E19+C20-D20 -> 1654
A21: 13/1/2018 | B21: TOTAL-BBSI.JO | C21: 45 | E21: =E20+C21-D21 -> 1699
A22: 13/1/2018 | B22: TOTAL-THAMRIN 161+164+166 | D22: 491 | E22: =E21+C22-D22 -> 1208
A23: 15/1/2018 | B23: BHINEKA-AHM | C23: 13 | E23: =E22+C23-D23 -> 1221
A24: 15/1/2018 | B24: TBP-THAMRIN 9 | D24: 163 | E24: =E23+C24-D24 -> 1058
A25: 16/1/2018 | B25: TBP-BBSI.JO | C25: 86 | E25: =E24+C25-D25 -> 1144
A26: 16/1/2018 | B26: INDONAKANO-HIRUTA | C26: 81 | E26: =E25+C26-D26 -> 1225
A27: 16/1/2018 | B27: INDONAKANO-THAI SUMMIT | C27: 77 | E27: =E26+C27-D27 -> 1302 | F27: COCOK
A28: 17/1/2018 | B28: JKA-JOB GDNG | C28: 11 | E28: =E27+C28-D28 -> 1313
A29: 18/1/2018 | B29: INDONAKANO-THAI SUMMIT | C29: 23 | E29: =E28+C29-D29 -> 1336
A30: 18/1/2018 | B30: TBP-LAVIE 24+10 | C30: 34 | E30: =E29+C30-D30 -> 1370
A31: 19/1/2018 | B31: TBP-THAMRIN 9 . 166+34 | D31: 200 | E31: =E30+C31-D31 -> 1170 | F31: COCOK
A32: 20/1/2018 | B32: TBP-LAVIE | C32: 53 | E32: =E31+C32-D32 -> 1223 | F32: COCOK
A33: 22/1/2018 | B33: TBP-LAVIE | C33: 30 | E33: =E32+C33-D33 -> 1253
A34: 22/1/2018 | B34: TOTAL-BBSI.JO | C34: 90 | E34: =E33+C34-D34 -> 1343
A35: 23/1/2018 | B35: TBP-LAVIE | C35: 50 | E35: =E34+C35-D35 -> 1393
A36: 23/1/2018 | B36: ACSET-WEST VISTA | C36: 30 | E36: =E35+C36-D36 -> 1423
A37: 23/1/2018 | B37: TBP-APARTEMEN AERIUM | D37: 60 | E37: =E36+C37-D37 -> 1363
A38: 23/1/2018 | B38: BCP-AHM | D38: 561 | E38: =E37+C38-D38 -> 802 | F38: COCOK
A39: 24/1/2018 | B39: INDONAKANO-HIRUTA | C39: 27 | E39: =E38+C39-D39 -> 829
A40: 24/1/2018 | B40: BHINEKA-AHM | D40: 139 | E40: =E39+C40-D40 -> 690 | F40: COCOK | G40: 493 | H40: =E40-G40 -> 197
A41: 25/1/2018 | B41: TBP-LAVIE | C41: 13 | E41: =E40+C41-D41 -> 703 | G41: =G40+C41-D41 -> 506
A42: 25/1/2018 | B42: TBP-PAKUBUWONO | C42: 10 | E42: =E41+C42-D42 -> 713 | G42: =G41+C42-D42 -> 516
A43: 25/1/2018 | B43: INDONAKANO-SEIWA | D43: 16 | E43: =E42+C43-D43 -> 697 | F43: COCOK | G43: =G42+C43-D43 -> 500
A44: 28/1/2018 | B44: INDONAKANO-PANASONIC GOBEL | C44: 27 | E44: =E43+C44-D44 -> 724 | F44: COCOK | G44: =G43+C44-D44 -> 527
A45: 31/1/2018 | B45: TBP-PAKUBUWONO | C45: 28 | E45: =E44+C45-D45 -> 752 | F45: COCOK | G45: =G44+C45-D45 -> 555
A46: 43102 | B46: ACSET-WEST VISTA | C46: 22 | E46: =E45+C46-D46 -> 774 | F46: COCOK | G46: =G45+C46-D46 -> 577
A47: 43133 | B47: INDONAKANO-THAI SUMMIT | C47: 101 | E47: =E46+C47-D47 -> 875 | G47: =G46+C47-D47 -> 678
A48: 43133 | B48: ACSET-MCC | C48: 31 | E48: =E47+C48-D48 -> 906 | F48: COCOK | G48: =G47+C48-D48 -> 709
A49: 43161 | B49: NKE-RS. PURI CINERE | D49: 20 | E49: =E48+C49-D49 -> 886 | F49: COCOK | G49: =G48+C49-D49 -> 689
A50: 43222 | B50: INDONAKANO-THAI SUMMIT | C50: 81 | E50: =E49+C50-D50 -> 967 | G50: =G49+C50-D50 -> 770
A51: 43222 | B51: INDONAKANO-YAMADA | C51: 23 | E51: =E50+C51-D51 -> 990 | F51: COCOK | G51: =G50+C51-D51 -> 793
A52: 43283 | B52: TBP-PAKUBUWONO | C52: 7 | E52: =E51+C52-D52 -> 997 | G52: =G51+C52-D52 -> 800
A53: 43283 | B53: NINDYA KARYA-VENUE LAYAR | D53: 6 | E53: =E52+C53-D53 -> 991 | G53: =G52+C53-D53 -> 794
A54: 43283 | B54: TBP-VERDE KUNINGAN | D54: 60 | E54: =E53+C54-D54 -> 931 | G54: =G53+C54-D54 -> 734
A55: 43283 | B55: INDONAKANO-HIRUTA | C55: 15 | E55: =E54+C55-D55 -> 946 | F55: COCOK | G55: =G54+C55-D55 -> 749
A56: 43345 | B56: TBP-PAKUBUWONO | C56: 1 | E56: =E55+C56-D56 -> 947 | G56: =G55+C56-D56 -> 750
A57: 43345 | B57: TBP-BBSI.JO | C57: 33 | E57: =E56+C57-D57 -> 980 | F57: COCOK | G57: =G56+C57-D57 -> 783
A58: 43436 | B58: TBP-PAKUBUWONO | C58: 25 | E58: =E57+C58-D58 -> 1005 | F58: COCOK | G58: =G57+C58-D58 -> 808
A59: 13/2/2018 | B59: INTERDESIGN-HOTEL SULTAN | C59: 9 | E59: =E58+C59-D59 -> 1014 | G59: =G58+C59-D59 -> 817
A60: 13/2/2018 | B60: INDONAKANO-HIRUTA | C60: 43 | E60: =E59+C60-D60 -> 1057 | G60: =G59+C60-D60 -> 860
A61: 14/2/2018 | B61: TBP-LAVIE | C61: 5 | E61: =E60+C61-D61 -> 1062 | G61: =G60+C61-D61 -> 865
A62: 14/2/2018 | B62: TBP-THAMRIN 9 | C62: 75 | E62: =E61+C62-D62 -> 1137 | F62: COCOK | G62: =G61+C62-D62 -> 940
A63: 13/2/2018 | B63: TBP-PAKUBUWONO | C63: 17 | E63: =E62+C63-D63 -> 1154 | G63: =G62+C63-D63 -> 957
A64: 15/2/2018 | B64: TBP-THAMRIN 9 | C64: 158 | E64: =E63+C64-D64 -> 1312 | G64: =G63+C64-D64 -> 1115
A65: 15/2/2018 | B65: TBP-BEJ | D65: 20 | E65: =E64+C65-D65 -> 1292 | G65: =G64+C65-D65 -> 1095
A66: 17/2/2018 | B66: TBP-VERDE KUNINGAN | C66: 33 | E66: =E65+C66-D66 -> 1325 | G66: =G65+C66-D66 -> 1128
A67: 17/2/2018 | B67: INDONAKANO-TERAOKA-KARAWANG | D67: 20 | E67: =E66+C67-D67 -> 1305 | G67: =G66+C67-D67 -> 1108
A68: 19/2/2018 | B68: TBP-VERDE KUNINGAN | C68: 19 | E68: =E67+C68-D68 -> 1324 | G68: =G67+C68-D68 -> 1127
A69: 19/2/2018 | B69: TBP-LAVIE | C69: 120 | E69: =E68+C69-D69 -> 1444 | G69: =G68+C69-D69 -> 1247
A70: 20/2/2018 | B70: TBP-THAMRIN NINE 160+160 | C70: 320 | E70: =E69+C70-D70 -> 1764 | G70: =G69+C70-D70 -> 1567
A71: 20/2/2018 | B71: TBP-LAVIE | C71: 38 | E71: =E70+C71-D71 -> 1802 | G71: =G70+C71-D71 -> 1605
A72: 22/2/2018 | B72: TBP-LAVIE | C72: 80 | E72: =E71+C72-D72 -> 1882 | G72: =G71+C72-D72 -> 1685
A73: 22/2/2018 | B73: TBP-LAVIE | C73: 80 | E73: =E72+C73-D73 -> 1962 | F73: 28/2/18 | G73: =G72+C73-D73 -> 1765
A74: 22/2/2018 | B74: WIKA-TRANS CIBUBUR | D74: 200 | E74: =E73+C74-D74 -> 1762 | G74: =G73+C74-D74 -> 1565
A75: 23/2/2018 | B75: TBP-THAMRIN NINE | C75: 250 | E75: =E74+C75-D75 -> 2012 | G75: =G74+C75-D75 -> 1815
A76: 23/2/2018 | B76: INDONAKANO-SEIWA | D76: 150 | E76: =E75+C76-D76 -> 1862 | G76: =G75+C76-D76 -> 1665
A77: 23/2/2018 | B77: NINDYA KARYA-VENUE LAYAR | D77: 30 | E77: =E76+C77-D77 -> 1832 | G77: =G76+C77-D77 -> 1635
A78: 23/2/2018 | B78: NKE-CHADSTONE | D78: 30 | E78: =E77+C78-D78 -> 1802 | G78: =G77+C78-D78 -> 1605
A79: 24/2/2018 | B79: ACSET-ASTRA BIZ CENTER BSD | C79: 15 | E79: =E78+C79-D79 -> 1817 | G79: =G78+C79-D79 -> 1620
A80: 24/2/2018 | B80: HYUNDAY-ELEMENT | D80: 100 | E80: =E79+C80-D80 -> 1717 | G80: =G79+C80-D80 -> 1520
A81: 26/2/2018 | B81: TBP-LAVIE | C81: 60 | E81: =E80+C81-D81 -> 1777 | G81: =G80+C81-D81 -> 1580
A82: 26/2/2018 | B82: PT.CNQC-NKE.CHADSTONE | D82: 30 | E82: =E81+C82-D82 -> 1747 | G82: =G81+C82-D82 -> 1550
A83: 26/2/2018 | B83: TBP-AERIUM-PERMATA BUANA | D83: 20 | E83: =E82+C83-D83 -> 1727 | G83: =G82+C83-D83 -> 1530
A84: 27/2/2018 | B84: TBP-LAVIE | C84: 6 | E84: =E83+C84-D84 -> 1733 | G84: =G83+C84-D84 -> 1536
A85: 28/2/2018 | B85: WIKA-TAMAN SARI | D85: 20 | E85: =E84+C85-D85 -> 1713 | F85: COCOK | G85: =G84+C85-D85 -> 1516
A86: 43103 | B86: BHINEKA-AHM | C86: 50 | E86: =E85+C86-D86 -> 1763 | G86: =G85+C86-D86 -> 1566
A87: 43134 | B87: TBP-BURSA EFEK SUDIRMAN | D87: 20 | E87: =E86+C87-D87 -> 1743 | G87: =G86+C87-D87 -> 1546
A88: 43134 | B88: WIKA-TRANS CIBUBUR | D88: 150 | E88: =E87+C88-D88 -> 1593 | F88: COCOK | G88: =G87+C88-D88 -> 1396
A89: 43162 | B89: BHINEKA-AHM | C89: 238 | E89: =E88+C89-D89 -> 1831 | F89: COCOK | G89: =G88+C89-D89 -> 1634
A90: 43223 | B90: TBP-PAKUBUWONO | C90: 33 | E90: =E89+C90-D90 -> 1864 | G90: =G89+C90-D90 -> 1667
A91: 43223 | B91: INDONAKANO-HIRUTA | C91: 14 | E91: =E90+C91-D91 -> 1878 | G91: =G90+C91-D91 -> 1681
A92: 43223 | B92: BCP-AHM | C92: 100 | E92: =E91+C92-D92 -> 1978 | G92: =G91+C92-D92 -> 1781
A93: 43254 | B93: BCP-AHM | C93: 130 | E93: =E92+C93-D93 -> 2108 | F93: COCOK | G93: =G92+C93-D93 -> 1911
A94: 43286 | B94: ACSET-WEST VISTA | C94: 27 | E94: =E93+C94-D94 -> 2135 | G94: =G93+C94-D94 -> 1938
A95: 43284 | B95: BCP-AHM | C95: 60 | E95: =E94+C95-D95 -> 2195 | F95: COCOK | G95: =G94+C95-D95 -> 1998
A96: 43315 | B96: GELOBAL-AROSA | C96: 6 | E96: =E95+C96-D96 -> 2201 | G96: =G95+C96-D96 -> 2004
A97: 43315 | B97: TBP-PAKUBUWONO | C97: 38 | E97: =E96+C97-D97 -> 2239 | G97: =G96+C97-D97 -> 2042
A98: 43315 | B98: INDONAKANO-THAI SUMMIT | C98: 29 | E98: =E97+C98-D98 -> 2268 | G98: =G97+C98-D98 -> 2071
A99: 43346 | B99: TBP-LAVIE | C99: 109 | E99: =E98+C99-D99 -> 2377 | G99: =G98+C99-D99 -> 2180
A100: 43376 | B100: TBP-PAKUBUWONO | C100: 38 | E100: =E99+C100-D100 -> 2415 | G100: =G99+C100-D100 -> 2218
A101: 43376 | B101: BCP-AHM | C101: 100 | E101: =E100+C101-D101 -> 2515 | G101: =G100+C101-D101 -> 2318
...

Sheet PIPA SUPORT
A2: NAMA BARANG : PIPA SUPORT
A4: TGL | B4: NAMA PT-PROYEK | C4: MASUK | D4: KELUAR | E4: SISA | F4: KETERANGAN
B5: SISA STOK 2017 | E5: 822
A6: 43221 | B6: NINDYA.LTM KSO-PUSK.CEGER | C6: 7 | E6: =E5+C6-D6 -> 829
A7: 43221 | B7: NINDYA KARYA-SDN 04 MERUYA | C7: 52 | E7: =E6+C7-D7 -> 881 | F7: COCOK
A8: 43313 | B8: NINDYA.LTM KSO-PUSK.CILILITAN | C8: 11 | E8: =E7+C8-D8 -> 892
A9: 43313 | B9: INDONAKANO-PANASONIC GOBEL | C9: 19 | E9: =E8+C9-D9 -> 911 | F9: COCOK
A10: 43374 | B10: ACSET-VISTA | C10: 6 | E10: =E9+C10-D10 -> 917
A11: 43374 | B11: NINDYA KARYA-PUSK.CMPK PUTIH | C11: 3 | E11: =E10+C11-D11 -> 920 | F11: COCOK
A12: 43405 | B12: NINDYA KARYA-SDN KEB.JERUK 06 | C12: 4 | E12: =E11+C12-D12 -> 924
A13: 43405 | B13: BHINEKA-AHM | C13: 110 | E13: =E12+C13-D13 -> 1034
A14: 43435 | B14: BHINEKA-AHM | C14: 91 | E14: =E13+C14-D14 -> 1125 | F14: COCOK
A15: 13/1/2018 | B15: BHINEKA-AHM | C15: 41 | E15: =E14+C15-D15 -> 1166
A16: 15/1/2018 | B16: NINDYA-LTM KSO-JOHAR BARU | C16: 11 | E16: =E15+C16-D16 -> 1177
A17: 16/1/2018 | B17: NINDYA KARYA-SDN 04 MERUYA | C17: 1 | E17: =E16+C17-D17 -> 1178 | F17: COCOK
A18: 17/1/2018 | B18: NINDYA LTM KSO-PUSK.CILILITAN | C18: 2 | E18: =E17+C18-D18 -> 1180
A19: 19/1/2018 | B19: WIKA-GEDUNG | C19: 75 | E19: =E18+C19-D19 -> 1255
A20: 19/1/2018 | B20: ACSET-TOTO (CIKOKOL) | C20: 42 | E20: =E19+C20-D20 -> 1297
A21: 21/1/2017 | B21: IDEA MANDIRI | C21: 35 | E21: =E20+C21-D21 -> 1332
A22: 23/1/2018 | B22: ACSET-WEST VISTA | C22: 21 | E22: =E21+C22-D22 -> 1353
A23: 26/1/2018 | B23: INDONAKANO-PANASONIC GOBEL | C23: 3 | E23: =E22+C23-D23 -> 1356
A24: 26/1/2018 | B24: NINDYA KARYA-VANUE LAYAR | D24: 100 | E24: =E23+C24-D24 -> 1256
A25: 43102 | B25: NINDYA-LTM KSO | C25: 42 | E25: =E24+C25-D25 -> 1298
A26: 43222 | B26: INDONAKANO-THAISUMIT | C26: 3 | E26: =E25+C26-D26 -> 1301
A27: 43222 | B27: INDONAKANO-YAMADA | C27: 45 | E27: =E26+C27-D27 -> 1346
A28: 43222 | B28: NINDYA -KTM KSO MENTENG | C28: 11 | E28: =E27+C28-D28 -> 1357
A29: 43283 | B29: NINDYA-LTM KSO-PUSK.CEMPAKA PTH | C29: 1 | E29: =E28+C29-D29 -> 1358
A30: 43314 | B30: NINDYA-LTM KSO-PUSK.MANGGARAI | C30: 31 | E30: =E29+C30-D30 -> 1389
A31: 43324 | B31: NINDYA KARYA-HARKIT | C31: 38 | E31: =E30+C31-D31 -> 1427
A32: 14/2/2018 | B32: NINDYA-LTM KSO-BIDARA CINA | C32: 10 | E32: =E31+C32-D32 -> 1437
A33: 17/2/2018 | B33: WIKA-TRANS CIBUBUR | D33: 100 | E33: =E32+C33-D33 -> 1337
A34: 18/2/2018 | B34: WIKA-TRANS CIBUBUR | D34: 300 | E34: =E33+C34-D34 -> 1037
A35: 19/2/2018 | B35: NINDYA KARYA-HARKIT | C35: 5 | E35: =E34+C35-D35 -> 1042
A36: 20/2/2018 | B36: POLABAJA-INDRAMAYU | C36: 1 | E36: =E35+C36-D36 -> 1043
A37: 22/2/2018 | B37: TBP-LAVIE | C37: 24 | E37: =E36+C37-D37 -> 1067
A38: 22/2/2018 | B38: NINDYA-LTM KSO PUSK.MANGGARAI | C38: 70 | E38: =E37+C38-D38 -> 1137
A39: 27/2/2018 | B39: NINDYA-LTM KSO-PUSK.GDG.X-DERES | C39: 22 | E39: =E38+C39-D39 -> 1159
A40: 13/3/2018 | B40: BHINEKA-AHM | C40: 144 | E40: =E39+C40-D40 -> 1303
A41: 19/3/2018 | B41: IDEA MANDIRI-WOLTER | C41: 5 | E41: =E40+C41-D41 -> 1308
A42: 22/3/2018 | B42: ACSET-MCC | C42: 6 | E42: =E41+C42-D42 -> 1314 | F42: COCOK
A43: 23/4/2018 | B43: WIKA-PASAR SENEN | D43: 100 | E43: =E42+C43-D43 -> 1214
A44: 23/4/2018 | B44: WIKA-PASAR SENEN | D44: 80 | E44: =E43+C44-D44 -> 1134
A45: 24/3/2018 | B45: NINDYA-LTM KSO-X-DERES | C45: 2 | E45: =E44+C45-D45 -> 1136 | F45: COCOK
A46: 24/4/2018 | B46: TBP-LAVIE | C46: 51 | E46: =E45+C46-D46 -> 1187
A47: 24/4/2018 | B47: WIKA-PS SENEN | D47: 165 | E47: =E46+C47-D47 -> 1022 | F47: COCOK
A48: 25/4/2018 | B48: WIKA-GEDUNG | D48: 168 | E48: =E47+C48-D48 -> 854 | F48: COCOK
A49: 43136 | B49: NINDYA KARYA-VENUE LAYAR | D49: 20 | E49: =E48+C49-D49 -> 834
A50: 43136 | B50: NINDYA KARYA-VENUE LAYAR | D50: 100 | E50: =E49+C50-D50 -> 734 | F50: COCOK
A51: 43378 | B51: NINDYA KARYA-VENUE LAYAR | D51: 60 | E51: =E50+C51-D51 -> 674
E52: =E51+C52-D52 -> 674
E53: =E52+C53-D53 -> 674
E54: =E53+C54-D54 -> 674
E55: =E54+C55-D55 -> 674
E56: =E55+C56-D56 -> 674
E57: =E56+C57-D57 -> 674
E58: =E57+C58-D58 -> 674
E59: =E58+C59-D59 -> 674
E60: =E59+C60-D60 -> 674
E61: =E60+C61-D61 -> 674
E62: =E61+C62-D62 -> 674
E63: =E62+C63-D63 -> 674
A64: 43106 | B64: FLAMBOYAN-KOTA BAMBU (ALAT AFKIR) | D64: 87 | E64: =E63+C64-D64 -> 587 | F64: LOWER
A65: 43106 | B65: FLAMBOYAN-KOTA BAMBU (ALAT AFKIR) | D65: 65 | E65: =E64+C65-D65 -> 522 | F65: UPPER
A66: 43165 | B66: PAK. HAJI - CEWE | D66: 13 | E66: =E65+C66-D66 -> 509
A67: 43165 | B67: PAK. HAJI - COWO | D67: 7 | E67: =E66+C67-D67 -> 502 | F67: COCOK

Sheet SWIVEL CLAMP
A1: NAMA BARANG : SWIVLE CLAMP
A3: TGL | B3: NAMA PT-PROYEK | C3: MASUK | D3: KELUAR | E3: SISA | F3: KETERANGAN
B4: SISA ALAT 2017 | E4: 17613
A5: 43160 | B5: INDONAKANO-PANASONIC GOBEL | C5: 250 | E5: =E4+C5-D5 -> 17863 | F5: COCOK
A6: 43221 | B6: BHINEKA-AHM | C6: 4 | E6: =E5+C6-D6 -> 17867 | F6: COCOK
A7: 43252 | B7: ACSET-LRT CAWANG | D7: 400 | E7: =E6+C7-D7 -> 17467
A8: 43252 | B8: RENDEZ | C8: 200 | E8: =E7+C8-D8 -> 17667
A9: 43313 | B9: RENDEZ | C9: 100 | E9: =E8+C9-D9 -> 17767
A10: 43313 | B10: RENDEZ | D10: 100 | E10: =E9+C10-D10 -> 17667 | F10: COCOK
A11: 43313 | B11: INDONAKANO-SEIWA | C11: 500 | E11: =E10+C11-D11 -> 18167 | F11: COCOK
A12: 43313 | B12: INDONAKANO-THAISUMMIT | C12: 150 | E12: =E11+C12-D12 -> 18317
A13: 43374 | B13: INDONAKANO-SEIWA | C13: 400 | E13: =E12+C13-D13 -> 18717 | F13: COCOK
A14: 43405 | B14: NINDYA KARYA-SLIPI | D14: 100 | E14: =E13+C14-D14 -> 18617 | F14: COCOK
A15: 13/1/2018 | B15: BHINEKA-AHM 79+11 | C15: 1 | E15: =E14+C15-D15 -> 18618
A16: 13/1/2018 | B16: TBP-LAVIE | C16: 150 | E16: =E15+C16-D16 -> 18768
A17: 16/1/2018 | B17: INDONAKANO-HIRUTA | C17: 67 | E17: =E16+C17-D17 -> 18835
A18: 16/1/2018 | B18: INDONAKANO-THAI SUMMIT | C18: 120 | E18: =E17+C18-D18 -> 18955 | F18: COCOK
A19: 17/1/2018 | B19: TBP-PAKUBUWONO | D19: 111 | E19: =E18+C19-D19 -> 18844
A20: 18/1/2018 | B20: INDONAKANO-THAI SUMMIT | C20: 73 | E20: =E19+C20-D20 -> 18917
A21: 18/1/2018 | B21: TBP-LAVIE 50+1 | C21: 51 | E21: =E20+C21-D21 -> 18968 | F21: COCOK
A22: 22/1/2018 | B22: ACSET-LRT CAWANG | D22: 500 | E22: =E21+C22-D22 -> 18468
A23: 22/1/2018 | B23: RENDEZ | C23: 500 | E23: =E22+C23-D23 -> 18968
A24: 23/1/2018 | B24: TBP-LAVIE | C24: 100 | E24: =E23+C24-D24 -> 19068 | F24: COCOK
A25: 24/1/2018 | B25: INDONAKANO-HIRUTA 80+50 | C25: 130 | E25: =E24+C25-D25 -> 19198 | F25: COCOK
A26: 25/1/2018 | B26: INDONAKANO-SEIWA | D26: 50 | E26: =E25+C26-D26 -> 19148
A27: 26/1/2018 | B27: TBP-LAVIE 400+100 | C27: 500 | E27: =E26+C27-D27 -> 19648
A28: 26/1/2018 | B28: INDONAKANO-PANASONIC GOBEL | C28: 950 | E28: =E27+C28-D28 -> 20598
A29: 26/1/2018 | B29: INTERDESIGN-LRT PALEMBANG | D29: 288 | E29: =E28+C29-D29 -> 20310
A30: 28/1/2018 | B30: INDONAKANO-PANASONIC GOBEL | C30: 20 | E30: =E29+C30-D30 -> 20330
A31: 29/1/2018 | B31: NINDYA KARYA-HARAPAN KITA | C31: 63 | E31: =E30+C31-D31 -> 20393
A32: 31/1/2018 | B32: NINDYA KARYA-HARKIT | C32: 70 | E32: =E31+C32-D32 -> 20463
A33: 43133 | B33: INDONAKANO-THAI SUMMIT | C33: 179 | E33: =E32+C33-D33 -> 20642
A34: 43222 | B34: NINDYA KARYA-HARKIT | C34: 6 | E34: =E33+C34-D34 -> 20648
A35: 43222 | B35: INDONAKANO-YAMADA | C35: 182 | E35: =E34+C35-D35 -> 20830
A36: 43314 | B36: INDONAKANO-HIRUTA | C36: 210 | E36: =E35+C36-D36 -> 21040
A37: 43324 | B37: NINDYA KARYA-HARKIT | C37: 15 | E37: =E36+C37-D37 -> 21055
A38: 13/2/2018 | B38: INTERDESIGN-HOTEL SULTAN | C38: 8 | E38: =E37+C38-D38 -> 21063
A39: 13/2/2018 | B39: INDONAKANO-HIRUTA | C39: 450 | E39: =E38+C39-D39 -> 21513
A40: 15/2/2018 | B40: TBP-BEJ | D40: 300 | E40: =E39+C40-D40 -> 21213
A41: 17/2/2018 | B41: INDONAKANO-TERAOKA-KARAWANG | D41: 50 | E41: =E40+C41-D41 -> 21163
A42: 19/2/2018 | B42: NINDYA KARYA-HARKIT | C42: 12 | E42: =E41+C42-D42 -> 21175
A43: 22/2/2018 | B43: TBP-LAVIE | C43: 270 | E43: =E42+C43-D43 -> 21445
A44: 23/2/2018 | B44: INDONAKANO-PANASONIC | C44: 816 | E44: =E43+C44-D44 -> 22261
A45: 23/2/2018 | B45: INDONAKANO-SEIWA | D45: 100 | E45: =E44+C45-D45 -> 22161
A46: 24/2/2018 | B46: ACSET-ASTRA BIZ CENTRE BSD TANGGERANG | C46: 35 | E46: =E45+C46-D46 -> 22196
A47: 26/2/2018 | B47: RENDEZ | C47: 300 | E47: =E46+C47-D47 -> 22496
A48: 27/2/2018 | B48: TBP-AERIUM-PERMATA BUANA | D48: 300 | E48: =E47+C48-D48 -> 22196
A49: 27/2/2018 | B49: TBP-LAVIE | C49: 150 | E49: =E48+C49-D49 -> 22346
A50: 27/2/2018 | B50: TBP-LAVIE | C50: 250 | E50: =E49+C50-D50 -> 22596
A51: 28/2/2018 | B51: WIKA-TAMAN SARI | D51: 60 | E51: =E50+C51-D51 -> 22536
A52: 43103 | B52: BHINEKA-AHM | C52: 4 | E52: =E51+C52-D52 -> 22540
A53: 43103 | B53: INDONAKANO-SEIWA | D53: 200 | E53: =E52+C53-D53 -> 22340
A54: 43134 | B54: TBP-BURSA EFEK-SUDIRMAN | D54: 700 | E54: =E53+C54-D54 -> 21640
A55: 43134 | B55: RENDEZ | C55: 450 | E55: =E54+C55-D55 -> 22090
A56: 43134 | B56: RENDEZ | C56: 250 | E56: =E55+C56-D56 -> 22340
A57: 43162 | B57: JAGAT-KONSTRUKSI-BCA HARAPAN INDAH | D57: 250 | E57: =E56+C57-D57 -> 22090
A58: 43223 | B58: INDONAKANO-HIRUTA | C58: 360 | E58: =E57+C58-D58 -> 22450
A59: 43284 | B59: BCP-AHM | C59: 50 | E59: =E58+C59-D59 -> 22500
A60: 43284 | B60: WIKA - TAMAN SARI | D60: 50 | E60: =E59+C60-D60 -> 22450
A61: 43315 | B61: INDONAKANO-THAI SUMMIT | C61: 40 | E61: =E60+C61-D61 -> 22490
A62: 43346 | B62: TBP-LAVIE | C62: 400 | E62: =E61+C62-D62 -> 22890
A63: 43376 | B63: INDONAKANO-SEIWA | D63: 100 | E63: =E62+C63-D63 -> 22790
A64: 43437 | B64: INDONAKANO-PANASONIC GOBEL | C64: 314 | E64: =E63+C64-D64 -> 23104
A65: 14/3/2018 | B65: INDONAKANO-HIRUTA | C65: 93 | E65: =E64+C65-D65 -> 23197
A66: 14/3/2018 | B66: INDONAKANO-SEIWA | D66: 300 | E66: =E65+C66-D66 -> 22897
A67: 21/3/2018 | B67: INDONAKANO-PANASONIC GOBEL | C67: 518 | E67: =E66+C67-D67 -> 23415 | F67: COCOK
A68: 22/3/2018 | B68: TBP-BURSA EFEK-SUDIRMAN | C68: 391 | E68: =E67+C68-D68 -> 23806 | F68: COCOK
A69: 23/3/2018 | B69: INDONAKANO-YAMADA | C69: 150 | E69: =E68+C69-D69 -> 23956
A70: 23/3/2018 | B70: TAKENAKA-INDONESIA ASAHIMAS | D70: 450 | E70: =E69+C70-D70 -> 23506
A71: 23/3/2018 | B71: TAKENAKA-INDONESIA ASAHIMAS | D71: 350 | E71: =E70+C71-D71 -> 23156
A72: 24/3/2018 | B72: GLOBAL-SENAYAN | D72: 263 | E72: =E71+C72-D72 -> 22893
A73: 26/3/2018 | B73: TBP-LAVIE | C73: 350 | E73: =E72+C73-D73 -> 23243
A74: 26/3/2018 | B74: TBP-BEJ - SUDIRMAN | C74: 597 | E74: =E73+C74-D74 -> 23840
A75: 27/3/2018 | B75: INDONAKANO-SEIWA | C75: 515 | E75: =E74+C75-D75 -> 24355
A76: 27/3/2018 | B76: TAKENAKA-ASAHIMAS FLAT | D76: 2000 | E76: =E75+C76-D76 -> 22355
A77: 28/3/2018 | B77: INDONAKANO-YAMADA | C77: 297 | E77: =E76+C77-D77 -> 22652
A78: 28/3/2018 | B78: INDONAKANO-THAI SUMMIT | C78: 3 | E78: =E77+C78-D78 -> 22655
A79: 28/3/2018 | B79: INDONAKANO-SEIWA | C79: 500 | E79: =E78+C79-D79 -> 23155
A80: 30/3/2018 | B80: TBP-BURSA EFEK-SUDIRMAN | C80: 9 | E80: =E79+C80-D80 -> 23164 | F80: COCOK
A81: 43135 | B81: INDONAKANO-PANASONIC GOBEL | C81: 300 | E81: =E80+C81-D81 -> 23464 | F81: COCOK
A82: 43224 | B82: GELOBAL-WISMA FAJAR | D82: 300 | E82: =E81+C82-D82 -> 23164
A83: 43255 | B83: TAKENAKA INDONESIA-ASAHIMAS | D83: 500 | E83: =E82+C83-D83 -> 22664
A84: 43347 | B84: TAKENAKA-ASAHI MAS | D84: 1500 | E84: =E83+C84-D84 -> 21164
A85: 43347 | B85: TAKENAKA-KOITO | D85: 500 | E85: =E84+C85-D85 -> 20664
A86: 43408 | B86: TBP-LAVIE | C86: 410 | E86: =E85+C86-D86 -> 21074
A87: 13/4/2018 | B87: TBP-LAVIE | C87: 300 | E87: =E86+C87-D87 -> 21374
A88: 13/4/2018 | B88: TBP-EXPO KEMAYORAN | D88: 800 | E88: =E87+C88-D88 -> 20574
A89: 16/4/2018 | B89: TBP-RENDES | C89: 486 | E89: =E88+C89-D89 -> 21060
A90: 16/4/2018 | B90: TBP-THAMRIN 9 | D90: 300 | E90: =E89+C90-D90 -> 20760
A91: 18/4/2018 | B91: TAKENAKA-ASAHI | D91: 200 | E91: =E90+C91-D91 -> 20560
A92: 19/4/2018 | B92: GELORA-WISMA FAJAR SENAYAN | D92: 1016 | E92: =E91+C92-D92 -> 19544
A93: 19/4/2018 | B93: TAKENAKA-ASAHI | D93: 1800 | E93: =E92+C93-D93 -> 17744
A94: 20/4/2018 | B94: TAKENAKA-KOITO | D94: 1000 | E94: =E93+C94-D94 -> 16744
A95: 25/4/2018 | B95: TBP-GOP-BSD | D95: 1000 | E95: =E94+C95-D95 -> 15744 | F95: COCOK
A96: 27/4/2018 | B96: INDONAKANO-PANASONIC | C96: 169 | E96: =E95+C96-D96 -> 15913 | F96: COCOK
A97: 27/4/2018 | B97: TAKENAKA-ASAHIMAS | D97: 1350 | E97: =E96+C97-D97 -> 14563
A98: 28/4/2018 | B98: GELORA-WISMA FAJAR SENAYAN | C98: 4 | E98: =E97+C98-D98 -> 14567
A99: 30/4/2018 | B99: VASTORINDO-TOTO | C99: 144 | E99: =E98+C99-D99 -> 14711
A100: 30/4/2018 | B100: TAKENAKA-ASAHIMAS | D100: 650 | E100: =E99+C100-D100 -> 14061 | F100: COCOK
A101: 43164 | B101: NINDYA KARYA-VENUE LAYAR | D101: 60 | E101: =E100+C101-D101 -> 14001 | F101: COCOK
...

Sheet PIPE 1 M
B1: NAMA BARANG : PIPE 1 M
A3: TGL | B3: NAMA PT-PROYEK | C3: MASUK | D3: KELUAR | E3: SISA | F3: KETERANGAN
B4: SISA STOK 2017 | E4: 406
A5: 26/1/2018 | B5: TBP-LAVIE 40+4 | C5: 44 | E5: =E4+C5-D5 -> 450
A6: 43222 | B6: TBP-LAVIE | C6: 44 | E6: =E5+C6-D6 -> 494
A7: 22/2/2018 | B7: TBP-LAVIE | C7: 15 | E7: =E6+C7-D7 -> 509
A8: 26/2/2018 | B8: TBP-LAVIE | C8: 24 | E8: =E7+C8-D8 -> 533
A9: 16/3/2018 | B9: TBP-LAVIE | C9: 40 | E9: =E8+C9-D9 -> 573
A10: 28/3/2018 | B10: INDONAKANO-YAMADA | C10: 100 | E10: =E9+C10-D10 -> 673
A11: 43408 | B11: TBP-LAVIE | C11: 75 | E11: =E10+C11-D11 -> 748 | F11: COCOK
A12: 13/4/2018 | B12: TBP-LAVIE | C12: 10 | E12: =E11+C12-D12 -> 758 | F12: COCOK
A13: 24/4/2018 | B13: TBP-LAVIE | C13: 90 | E13: =E12+C13-D13 -> 848 | F13: COCOK
A14: 27/4/2018 | B14: TBP-LAVIE | C14: 125 | E14: =E13+C14-D14 -> 973 | F14: COCOK
A15: 14/5/2018 | B15: TBP-LAVIE | C15: 15 | E15: =E14+C15-D15 -> 988
A16: 19/5/2018 | B16: TBP-LEVIE | C16: 30 | E16: =E15+C16-D16 -> 1018 | F16: COCOK

Sheet PIPE 2 M
A1: NAMA BARANG : PIPE 2 M
A3: TGL | B3: NAMA PT-PROYEK | C3: MASUK | D3: KELUAR | E3: SISA | F3: KETERANGAN
B4: SISA STOK 2017 | E4: 1850
A5: 43221 | B5: BHINEKA-AHM | C5: 100 | E5: =E4+C5-D5 -> 1950
A6: 43313 | B6: INDONAKANO-PANASONIC GOBEL | C6: 36 | E6: =E5+C6-D6 -> 1986
A7: 13/1/2018 | B7: BHINEKA-AHM | C7: 131 | E7: =E6+C7-D7 -> 2117
A8: 24/1/2018 | B8: INDONAKANO-HIRUTA | C8: 28 | E8: =E7+C8-D8 -> 2145
A9: 26/1/2018 | B9: INDONAKANO-PANASONIC GOBEL | C9: 160 | E9: =E8+C9-D9 -> 2305
A10: 28/1/2018 | B10: INDONAKANO-PANASONIC GOBEL | C10: 34 | E10: =E9+C10-D10 -> 2339
A11: 43283 | B11: INDONAKANO-HIRUTA | C11: 36 | E11: =E10+C11-D11 -> 2375
A12: 13/2/2018 | B12: INDONAKANO-HIRUTA | C12: 34 | E12: =E11+C12-D12 -> 2409
A13: 23/2/2018 | B13: INDONAKANO-PANASONIC | C13: 80 | E13: =E12+C13-D13 -> 2489
A14: 43223 | B14: INDONAKANO-HIRUTA | C14: 33 | E14: =E13+C14-D14 -> 2522
A15: 43284 | B15: BCP-AHM | C15: 50 | E15: =E14+C15-D15 -> 2572
A16: 43315 | B16: INDONAKANO-THAI SUMMIT | C16: 7 | E16: =E15+C16-D16 -> 2579
A17: 43437 | B17: INDONAKANO-PANASONIC GOBEL | C17: 23 | E17: =E16+C17-D17 -> 2602
A18: 13/3/2018 | B18: BHINEKA-AHM | C18: 90 | E18: =E17+C18-D18 -> 2692 | F18: COCOK
A19: 14/3/2018 | B19: INDONAKANO-HIRUTA | C19: 9 | E19: =E18+C19-D19 -> 2701 | F19: COCOK
A20: 21/3/2018 | B20: INDONAKANO-PANASONIC GOBEL | C20: 100 | E20: =E19+C20-D20 -> 2801 | F20: COCOK
A21: 28/3/2018 | B21: INDONAKANO-YAMADA | C21: 13 | E21: =E20+C21-D21 -> 2814 | F21: COCOK
A22: 43135 | B22: INDONAKANO-PANASONIC GOBEL | C22: 63 | E22: =E21+C22-D22 -> 2877
A23: 43376 | B23: BCP-AHM | C23: 47 | E23: =E22+C23-D23 -> 2924 | F23: COCOK
A24: 24/4/2018 | B24: TAKENAKA-ASAHIMAS | D24: 200 | E24: =E23+C24-D24 -> 2724 | F24: COCOK
A25: 15/5/2018 | B25: INDONAKANO-AKS | D25: 20 | E25: =E24+C25-D25 -> 2704
A26: 25/5/2018 | B26: PT.SOVIN-ROBINA TOWER-GATOT | D26: 25 | E26: =E25+C26-D26 -> 2679 | F26: COCOK
A27: 43165 | B27: BPK HAJI | D27: 5 | E27: =E26+C27-D27 -> 2674 | F27: COCOK

Sheet PIPE 3 M
B2: NAMA BARANG : PIPE 3 M
B4: TGL | C4: NAMA PT-PROYEK | D4: MASUK | E4: KELUAR | F4: SISA | G4: KETERANGAN
C5: SISA STOK 2017 | F5: 120
B6: 43191 | C6: BHINEKA-AHM | D6: 400 | F6: =F5+D6-E6 -> 520 | G6: COCOK
B7: 43221 | C7: BHINEKA-AHM | D7: 175 | F7: =F6+D7-E7 -> 695
B8: 43313 | C8: INDONAKANO-PANASONIC | D8: 1 | F8: =F7+D8-E8 -> 696 | G8: COCOK
B9: 43405 | C9: TOTAL-BBSI.JO | D9: 43 | F9: =F8+D9-E9 -> 739
B10: 43435 | C10: BHINEKA-AHM | D10: 429 | F10: =F9+D10-E10 -> 1168 | G10: COCOK
B11: 13/1/2018 | C11: BHINEKA-AHM | D11: 21 | F11: =F10+D11-E11 -> 1189
B12: 13/1/2018 | C12: TBP-LAVIE | D12: 90 | F12: =F11+D12-E12 -> 1279 | G12: COCOK
B13: 18/1/2018 | C13: INDONAKANO-THAI SUMMIT | D13: 49 | F13: =F12+D13-E13 -> 1328
B14: 19/1/2018 | C14: ACSET-TOTO (CIKOKOL) | D14: 21 | F14: =F13+D14-E14 -> 1349 | G14: COCOK
B15: 24/1/2018 | C15: INDONAKANO-HIRUTA | D15: 6 | F15: =F14+D15-E15 -> 1355 | G15: COCOK
B16: 26/1/2018 | C16: TBP-LAVIE 71+38 | D16: 109 | F16: =F15+D16-E16 -> 1464
B17: 26/1/2018 | C17: INTERDESIGN-LRT PALEMBANG | E17: 144 | F17: =F16+D17-E17 -> 1320 | G17: COCOK
B18: 28/1/2018 | C18: INDONAKANO-PANASONIC GOBEL | D18: 49 | F18: =F17+D18-E18 -> 1369
B19: 29/1/2018 | C19: NINDYA KARYA-HARAPAN KITA | D19: 6 | F19: =F18+D19-E19 -> 1375 | G19: COCOK
B20: 31/1/2018 | C20: TBP-PAKUBUWONO | D20: 5 | F20: =F19+D20-E20 -> 1380
B21: 43222 | C21: TBP-LAVIE | D21: 70 | F21: =F20+D21-E21 -> 1450
B22: 43222 | C22: INDONAKANO-THAISUMIT | D22: 25 | F22: =F21+D22-E22 -> 1475
B23: 43283 | C23: TBP-PAKUBUWONO | D23: 8 | F23: =F22+D23-E23 -> 1483
B24: 43283 | C24: INDONAKANO-HIRUTA | D24: 22 | F24: =F23+D24-E24 -> 1505
B25: 43314 | C25: NINDYA KARYA-HARAPAN KITA | D25: 3 | F25: =F24+D25-E25 -> 1508
B26: 13/2/2018 | C26: INDONAKANO-HIRUTA | D26: 17 | F26: =F25+D26-E26 -> 1525
B27: 14/2/2018 | C27: TBP-LAVIE | D27: 37 | F27: =F26+D27-E27 -> 1562
B28: 15/2/2018 | C28: TBP-BEJ | E28: 20 | F28: =F27+D28-E28 -> 1542
B29: 20/2/2018 | C29: TBP-LAVIE 45+47 | D29: 92 | F29: =F28+D29-E29 -> 1634
B30: 22/2/2018 | C30: TBP-LAVIE | D30: 11 | F30: =F29+D30-E30 -> 1645
B31: 23/2/2018 | C31: INDONAKANO-SEIWA | E31: 50 | F31: =F30+D31-E31 -> 1595
B32: 23/2/2018 | C32: PANASONIC-GOBEL | D32: 14 | F32: =F31+D32-E32 -> 1609
B33: 24/2/2018 | C33: TBP-VERDE 2 | D33: 494 | F33: =F32+D33-E33 -> 2103
B34: 43134 | C34: TBP-BURSA EFEK-SUDIRMAN | E34: 100 | F34: =F33+D34-E34 -> 2003
B35: 43223 | C35: INDONAKANO-HIRUTA | D35: 34 | F35: =F34+D35-E35 -> 2037
B36: 43223 | C36: TBP-PAKUBUWONO | D36: 3 | F36: =F35+D36-E36 -> 2040
B37: 43284 | C37: BCP-AHM | D37: 50 | F37: =F36+D37-E37 -> 2090
B38: 43315 | C38: INDONAKANO-THAI SUMMIT | D38: 14 | F38: =F37+D38-E38 -> 2104
B39: 43346 | C39: TBP-VERDE 2 | D39: 264 | F39: =F38+D39-E39 -> 2368
B40: 43437 | C40: INDONAKANO-PANASONIC GOBEL | D40: 42 | F40: =F39+D40-E40 -> 2410
B41: 13/3/2018 | C41: TBP-PAKUBUWONO | D41: 1 | F41: =F40+D41-E41 -> 2411
B42: 13/3/2018 | C42: BHINEKA-AHM | D42: 119 | F42: =F41+D42-E42 -> 2530
B43: 14/3/2018 | C43: INDONAKANO-HIRUTA | D43: 7 | F43: =F42+D43-E43 -> 2537
B44: 14/3/2018 | C44: INDONAKANO-SEIWA | E44: 20 | F44: =F43+D44-E44 -> 2517
B45: 15/3/2018 | C45: TBP-LAVIE | D45: 32 | F45: =F44+D45-E45 -> 2549
B46: 21/3/2018 | C46: TBP-LAVIE | D46: 23 | F46: =F45+D46-E46 -> 2572
B47: 21/3/2018 | C47: INDONAKANO-PANASONIC GOBEL | D47: 33 | F47: =F46+D47-E47 -> 2605
B48: 22/3/2018 | C48: TBP-LAVIE | D48: 52 | F48: =F47+D48-E48 -> 2657
B49: 23/3/2018 | C49: TBP-PAKUBUWONO | D49: 12 | F49: =F48+D49-E49 -> 2669 | G49: COCOK
B50: 24/3/2018 | C50: GLOBAL-SENAYAN | E50: 155 | F50: =F49+D50-E50 -> 2514
B51: 26/3/2018 | C51: TBP-LAVIE | D51: 90 | F51: =F50+D51-E51 -> 2604
B52: 26/3/2018 | C52: TBP-BEJ - SUDIRMAN | D52: 61 | F52: =F51+D52-E52 -> 2665
B53: 28/3/2018 | C53: INDONAKANO-YAMADA | D53: 52 | F53: =F52+D53-E53 -> 2717
B54: 28/3/2018 | C54: INDONAKANO-SEIWA | D54: 115 | F54: =F53+D54-E54 -> 2832
B55: 29/3/2018 | C55: TBP-PAKUBUWONO | D55: 5 | F55: =F54+D55-E55 -> 2837
B56: 30/3/2018 | C56: TBP-BURSA EFEK-SUDIRMAN | D56: 58 | F56: =F55+D56-E56 -> 2895 | G56: COCOK
B57: 43135 | C57: INDONAKANO-PANASONIC GOBEL | D57: 11 | F57: =F56+D57-E57 -> 2906 | G57: COCOK
B58: 43347 | C58: TBP-PAKUBUWONO | D58: 3 | F58: =F57+D58-E58 -> 2909 | G58: COCOK
B59: 43376 | C59: BCP-AHM | D59: 50 | F59: =F58+D59-E59 -> 2959 | G59: COCOK
B60: 13/4/2018 | C60: TBP-LAVIE | D60: 70 | F60: =F59+D60-E60 -> 3029
B61: 16/4/2018 | C61: TBP-VERDE II CONDOMINIUM | D61: 170 | F61: =F60+D61-E61 -> 3199
B62: 16/4/2018 | C62: TBP-THAMRIN 9 | E62: 50 | F62: =F61+D62-E62 -> 3149 | G62: COCOK
B63: 19/4/2018 | C63: GELORA-WISMA FAJAR SENAYAN | E63: 254 | F63: =F62+D63-E63 -> 2895 | G63: COCOK
B64: 23/4/2018 | C64: TBP-PAKUBUWONO | D64: 52 | F64: =F63+D64-E64 -> 2947 | G64: COCOK
B65: 27/4/2018 | C65: TBP-LAVIE | D65: 120 | F65: =F64+D65-E65 -> 3067 | G65: COCOK
B66: 28/4/2018 | C66: TBP-SQUIS TOWER | D66: 35 | F66: =F65+D66-E66 -> 3102
B67: 30/4/2018 | C67: TBP-PAKUBUWONO | D67: 1 | F67: =F66+D67-E67 -> 3103 | G67: COCOK
B68: 43164 | C68: NINDYA KARYA-VENUE LAYAR | E68: 30 | F68: =F67+D68-E68 -> 3073 | G68: COCOK
B69: 43225 | C69: GELORA-SENAYAN | E69: 130 | F69: =F68+D69-E69 -> 2943 | G69: COCOK
B70: 43286 | C70: TBP-LAVIE | D70: 121 | F70: =F69+D70-E70 -> 3064
B71: 43409 | C71: TBP-VERDE II CONDOMINIUM | D71: 268 | F71: =F70+D71-E71 -> 3332
B72: 13/5/2018 | C72: TBP-LAVIE | D72: 39 | F72: =F71+D72-E72 -> 3371
B73: 14/5/2018 | C73: TBP-VERDE II CONDOMINIUM | D73: 88 | F73: =F72+D73-E73 -> 3459
B74: 17/5/2018 | C74: TBP-LAVIE | D74: 36 | F74: =F73+D74-E74 -> 3495 | G74: COCOK
B75: 18/5/2018 | C75: INDONAKANO-AKS | E75: 15 | F75: =F74+D75-E75 -> 3480 | G75: COCOK
B76: 19/5/2018 | C76: TBP-LEVIE | D76: 108 | F76: =F75+D76-E76 -> 3588
B77: 19/5/2018 | C77: INDONAKANO-SEIWA | D77: 4 | F77: =F76+D77-E77 -> 3592
B78: 23/5/2018 | C78: TBP-LAVIE | D78: 24 | F78: =F77+D78-E78 -> 3616 | G78: COCOK
B79: 26/5/2018 | C79: TBP-LAVIE | D79: 15 | F79: =F78+D79-E79 -> 3631
B80: 28/5/2018 | C80: TBP-LAVIE | D80: 13 | F80: =F79+D80-E80 -> 3644 | G80: COCOK
B81: 31/5/2018 | C81: TBP-LAVIE | D81: 7 | F81: =F80+D81-E81 -> 3651 | G81: COCOK
B82: 43165 | C82: BPK HAJI | E82: 19 | F82: =F81+D82-E82 -> 3632
B83: 43137 | C83: TBP-LAVIE | D83: 15 | F83: =F82+D83-E83 -> 3647
B84: 43137 | C84: TBP-VERDE II CONDOMINIUM | D84: 45 | F84: =F83+D84-E84 -> 3692
B85: 43226 | C85: TBP-SQUISE TOWER | D85: 16 | F85: =F84+D85-E85 -> 3708 | G85: COCOK

Sheet PIPE 4 M
A1: NAMA BARANG : PIPE 4 M
A3: TGL | B3: NAMA PT-PROYEK | C3: MASUK | D3: KELUAR | E3: SISA | F3: KETERANGAN
B4: Sisa stok 2016 | E4: 162
A5: 43191 | B5: BHINEKA-AHM | C5: 100 | E5: =E4+C5-D5 -> 262
A6: 43221 | B6: BHINEKA-AHM | C6: 81 | E6: =E5+C6-D6 -> 343
A7: 43313 | B7: INDONAKANO-PANASONIC GOBEL | C7: 2 | E7: =E6+C7-D7 -> 345
A8: 43374 | B8: INDONAKANO-SEIWA | C8: 26 | E8: =E7+C8-D8 -> 371
A9: 43435 | B9: BHINEKA-AHM | C9: 99 | E9: =E8+C9-D9 -> 470
A10: 13/1/2018 | B10: BHINEKA-AHM | C10: 12 | E10: =E9+C10-D10 -> 482
A11: 13/1/2018 | B11: TBP-LAVIE | C11: 13 | E11: =E10+C11-D11 -> 495
A12: 15/1/2018 | B12: BHINEKA-AHM | C12: 2 | E12: =E11+C12-D12 -> 497
A13: 24/1/2018 | B13: INDONAKANO-HIRUTA | C13: 4 | E13: =E12+C13-D13 -> 501
A14: 28/1/2018 | B14: INDONAKANO-PANASONIC GOBEL | C14: 19 | E14: =E13+C14-D14 -> 520
A15: 43283 | B15: INDONAKANO-HIRUTA | C15: 26 | E15: =E14+C15-D15 -> 546
A16: 13/2/2018 | B16: INDONAKANO-HIRUTA | C16: 30 | E16: =E15+C16-D16 -> 576
A17: 20/2/2018 | B17: TBP-LAVIE | C17: 1 | E17: =E16+C17-D17 -> 577
A18: 23/2/2018 | B18: INDONAKANO-PANASONIC GOBEL | C18: 27 | E18: =E17+C18-D18 -> 604
A19: 23/2/2018 | B19: INDONAKANO-SEIWA | D19: 35 | E19: =E18+C19-D19 -> 569
A20: 43223 | B20: INDONAKANO-HIRUTA | C20: 7 | E20: =E19+C20-D20 -> 576
A21: 43284 | B21: BCP-AHM | C21: 50 | E21: =E20+C21-D21 -> 626
A22: 43284 | B22: WIKA - TAMAN SARI | D22: 100 | E22: =E21+C22-D22 -> 526
A23: 43437 | B23: INDONAKANO-PANASONIC GOBEL | C23: 32 | E23: =E22+C23-D23 -> 558
A24: 13/3/2018 | B24: BHINEKA-AHM | C24: 198 | E24: =E23+C24-D24 -> 756 | F24: COCOK
A25: 14/3/2018 | B25: INDONAKANO-HIRUTA | C25: 14 | E25: =E24+C25-D25 -> 770
A26: 14/3/2018 | B26: INDONAKANO-SEIWA | D26: 20 | E26: =E25+C26-D26 -> 750
A27: 21/3/2018 | B27: INDONAKANO-PANASONIC GOBEL | C27: 21 | E27: =E26+C27-D27 -> 771
A28: 28/3/2018 | B28: INDONAKANO-SEIWA | C28: 74 | E28: =E27+C28-D28 -> 845
A29: 43135 | B29: INDONAKANO-PANASONIC GOBEL | C29: 14 | E29: =E28+C29-D29 -> 859
A30: 43376 | B30: BCP-AHM | C30: 33 | E30: =E29+C30-D30 -> 892 | F30: COCOK
A31: 24/4/2018 | B31: TAKENAKA-ASAHIMAS | D31: 200 | E31: =E30+C31-D31 -> 692 | F31: COCOK
A32: 27/4/2018 | B32: INDONAKANO-PANASONIC | C32: 6 | E32: =E31+C32-D32 -> 698 | F32: COCOK
A33: 19/5/2018 | B33: TBP-LEVIE | C33: 20 | E33: =E32+C33-D33 -> 718
A34: 23/5/2018 | B34: TBP-LAVIE | C34: 2 | E34: =E33+C34-D34 -> 720 | F34: COCOK
A35: 26/5/2018 | B35: TBP-LAVIE | C35: 9 | E35: =E34+C35-D35 -> 729 | F35: COCOK
A36: 43137 | B36: TBP-LAVIE | C36: 12 | E36: =E35+C36-D36 -> 741 | F36: COCOK

Sheet PIPE 5 M
A2: NAMA BARANG : PIPE 5 M
A4: TGL | B4: NAMA PT-PROYEK | C4: MASUK | D4: KELUAR | E4: SISA | F4: KETERANGAN
B5: SISA STOK | E5: 0

Sheet PIPE 6 M
A2: NAMA BARANG : PIPE 6 M (GALVANIS/HITAM)
A4: TGL | B4: NAMA PT-PROYEK | C4: MASUK | D4: KELUAR | E4: SISA | F4: KETERANGAN
B5: SISA STOK 2017 | E5: 668
A6: 43313 | B6: INDONAKANO-PANASONIC GOBEL | C6: 98 | E6: =E5+C6-D6 -> 766
A7: 43344 | B7: NKE-NARGONDA | D7: 70 | E7: =E6+C7-D7 -> 696
A8: 43374 | B8: INDONAKANO-SEIWA | C8: 77 | E8: =E7+C8-D8 -> 773
A9: 43405 | B9: NINDYA KARYA-SLIPI | D9: 20 | E9: =E8+C9-D9 -> 753
A10: 43435 | B10: BHINEKA-AHM | C10: 40 | E10: =E9+C10-D10 -> 793
A11: 13/1/2018 | B11: BHINEKA-AHM | C11: 16 | E11: =E10+C11-D11 -> 809
A12: 18/1/2018 | B12: INDONAKANO-THAI SUMMIT | C12: 76 | E12: =E11+C12-D12 -> 885
A13: 19/1/2018 | B13: BAJAMARGA KARISMA | C13: 120 | E13: =E12+C13-D13 -> 1005
A14: 22/1/2018 | B14: TBP-APARTEMEN AERIUM TPB 120+40 | D14: 160 | E14: =E13+C14-D14 -> 845
A15: 24/1/2018 | B15: INDONAKANO-HIRUTA | C15: 8 | E15: =E14+C15-D15 -> 853
A16: 24/1/2018 | B16: NINDYA KARYA-RS.HARKIT | C16: 6 | E16: =E15+C16-D16 -> 859
A17: 28/1/2018 | B17: INDONAKANO-PANASONIC GOBEL | C17: 165 | E17: =E16+C17-D17 -> 1024
A18: 29/1/2018 | B18: NINDYA KARYA-HARAPAN KITA | C18: 17 | E18: =E17+C18-D18 -> 1041
A19: 43133 | B19: INDONAKANO-THAI SUMMIT | C19: 38 | E19: =E18+C19-D19 -> 1079
A20: 43222 | B20: INDONAKANO-THAISUMIT | C20: 13 | E20: =E19+C20-D20 -> 1092
A21: 43222 | B21: INDONAKANO-YAMADA | C21: 81 | E21: =E20+C21-D21 -> 1173
A22: 43283 | B22: INDONAKANO-HIRUTA | C22: 78 | E22: =E21+C22-D22 -> 1251
A23: 13/2/2018 | B23: INDONAKANO-HIRUTA | C23: 116 | E23: =E22+C23-D23 -> 1367
A24: 15/2/2018 | B24: TBP-BEJ | D24: 80 | E24: =E23+C24-D24 -> 1287
A25: 17/2/2018 | B25: INDONAKANO-TERAOKA-KARAWANG | D25: 15 | E25: =E24+C25-D25 -> 1272
A26: 20/2/2018 | B26: JAGAT-JOB | C26: 50 | E26: =E25+C26-D26 -> 1322
A27: 20/2/2018 | B27: TBP-LAVIE 45+47 | C27: 34 | E27: =E26+C27-D27 -> 1356
A28: 22/2/2018 | B28: TBP-APT.AERIUM | C28: 31 | E28: =E27+C28-D28 -> 1387
A29: 23/2/2018 | B29: INDONAKANO-PANASONIC GOBEL | C29: 160 | E29: =E28+C29-D29 -> 1547
A30: 23/2/2018 | B30: INDONAKANO-SEIWA | D30: 75 | E30: =E29+C30-D30 -> 1472
A31: 24/2/2018 | B31: ACSET-ASTRA BIZ CENTRE BSD TANGGERANG | C31: 10 | E31: =E30+C31-D31 -> 1482
A32: 26/2/2018 | B32: NKE-WCT | C32: 240 | E32: =E31+C32-D32 -> 1722
A33: 43134 | B33: TBP-BURSA EFEK-SUDIRMAN | D33: 135 | E33: =E32+C33-D33 -> 1587
A34: 43223 | B34: INDONAKANO-HIRUTA | C34: 45 | E34: =E33+C34-D34 -> 1632
A35: 43315 | B35: INDONAKANO-THAI SUMMIT | C35: 13 | E35: =E34+C35-D35 -> 1645
A36: 43437 | B36: INDONAKANO-PANASONIC GOBEL | C36: 41 | E36: =E35+C36-D36 -> 1686
A37: 13/3/2018 | B37: BHINEKA-AHM | C37: 140 | E37: =E36+C37-D37 -> 1826 | F37: COCOK
A38: 14/3/2018 | B38: INDONAKANO-HIRUTA | C38: 12 | E38: =E37+C38-D38 -> 1838
A39: 14/3/2018 | B39: INDONAKANO-SEIWA | D39: 25 | E39: =E38+C39-D39 -> 1813
A40: 21/3/2018 | B40: INDONAKANO-PANASONIC GOBEL | C40: 47 | E40: =E39+C40-D40 -> 1860
A41: 23/3/2018 | B41: TBP-PAKUBUWONO | C41: 8 | E41: =E40+C41-D41 -> 1868
A42: 24/3/2018 | B42: TBP-LAVIE | C42: 50 | E42: =E41+C42-D42 -> 1918
A43: 26/3/2018 | B43: TBP-LAVIE | C43: 50 | E43: =E42+C43-D43 -> 1968
A44: 28/3/2018 | B44: INDONAKANO-YAMADA | C44: 67 | E44: =E43+C44-D44 -> 2035
A45: 28/3/2018 | B45: INDONAKANO-SEIWA | C45: 155 | E45: =E44+C45-D45 -> 2190
A46: 28/3/2018 | B46: TBP-PAKUBUWONO | C46: 9 | E46: =E45+C46-D46 -> 2199
A47: 29/3/2018 | B47: TBP-KEMAYORAN | D47: 100 | E47: =E46+C47-D47 -> 2099
A48: 30/3/2018 | B48: TBP-BURSA EFEK-SUDIRMAN | C48: 213 | E48: =E47+C48-D48 -> 2312
A49: 43135 | B49: TBP-KEMAYORAN-JIEXPO | D49: 200 | E49: =E48+C49-D49 -> 2112
A50: 43347 | B50: TBP-PAKUBUWONO | C50: 10 | E50: =E49+C50-D50 -> 2122
A51: 43376 | B51: BCP-AHM | C51: 32 | E51: =E50+C51-D51 -> 2154
A52: 43438 | B52: TBP-KEMAYORAN-JIEXPO | D52: 146 | E52: =E51+C52-D52 -> 2008 | F52: COCOK
A53: 16/4/2018 | B53: TBP-VERDE II CONDOMINIUM | C53: 30 | E53: =E52+C53-D53 -> 2038
A54: 16/4/2018 | B54: TBP-THAMRIN 9 | D54: 25 | E54: =E53+C54-D54 -> 2013
A55: 16/4/2018 | B55: TBP-THAMRIN 9 | D55: 25 | E55: =E54+C55-D55 -> 1988 | F55: COCOK
A56: 23/4/2018 | B56: TBP-PAKUBUWONO | C56: 16 | E56: =E55+C56-D56 -> 2004
A57: 24/4/2018 | B57: TAKENAKA-ASAHIMAS | D57: 400 | E57: =E56+C57-D57 -> 1604 | F57: COCOK
A58: 30/4/2018 | B58: TBP-PAKUBUWONO | C58: 3 | E58: =E57+C58-D58 -> 1607 | F58: COCOK
A59: 43136 | B59: TBP-LAVIE | C59: 40 | E59: =E58+C59-D59 -> 1647 | F59: COCOK
A60: 43164 | B60: NINDYA KARYA-VENUE LAYAR | D60: 30 | E60: =E59+C60-D60 -> 1617 | F60: COCOK
A61: 43225 | B61: TBP-LAVIE | C61: 50 | E61: =E60+C61-D61 -> 1667
A62: 43225 | B62: GELORA-SENAYAN | D62: 40 | E62: =E61+C62-D62 -> 1627 | F62: COCOK
A63: 43286 | B63: TBP-LAVIE | C63: 24 | E63: =E62+C63-D63 -> 1651
A64: 43317 | B64: TBP-LAVIE | C64: 45 | E64: =E63+C64-D64 -> 1696
A65: 13/5/2018 | B65: TBP-LAVIE | C65: 50 | E65: =E64+C65-D65 -> 1746
A66: 14/5/2018 | B66: TBP-VERDE II CONDOMINIUM | C66: 65 | E66: =E65+C66-D66 -> 1811
A67: 14/5/2018 | B67: TBP-LAVIE | C67: 27 | E67: =E66+C67-D67 -> 1838
A68: 15/5/2018 | B68: INDONAKANO-AKS | D68: 30 | E68: =E67+C68-D68 -> 1808
A69: 17/5/2018 | B69: TBP-LAVIE | C69: 14 | E69: =E68+C69-D69 -> 1822 | F69: COCOK
A70: 24/5/2018 | B70: INDONAKANO-TERAOKA-KARAWANG | C70: 15 | E70: =E69+C70-D70 -> 1837
A71: 25/5/2018 | B71: INTERDESIGN-TRANSIT PALEMBANG | C71: 62 | E71: =E70+C71-D71 -> 1899
A72: 25/5/2018 | B72: PT.SOVIN-ROBINA TOWER-GATOT | D72: 10 | E72: =E71+C72-D72 -> 1889
A73: 26/5/2018 | B73: TBP-LAVIE | C73: 21 | E73: =E72+C73-D73 -> 1910 | F73: COCOK
A74: 43137 | B74: TBP-LAVIE | C74: 13 | E74: =E73+C74-D74 -> 1923
A75: 43137 | B75: TBP-VERDE II CONDOMINIUM | C75: 19 | E75: =E74+C75-D75 -> 1942 | F75: COCOK

Sheet HB
A2: NAMA BARANG : HORRY BEAM
A4: TGL | B4: NAMA PT-PROYEK | C4: MASUK | D4: KELUAR | E4: SISA | F4: KETERANGAN
B5: SISA ALAT 2017 | E5: 2088
A6: 21/1/2018 | B6: IDEA MANDIRI | C6: 74 | E6: =E5+C6-D6 -> 2162
A7: 27/3/2018 | B7: IDEA MANDIRI-SIMPRUG | D7: 100 | E7: =E6+C7-D7 -> 2062 | F7: COCOK
A8: 29/3/2018 | B8: IDEA MANDIRI-WOLTER | C8: 44 | E8: =E7+C8-D8 -> 2106 | F8: COCOK
A9: 17/4/2018 | B9: IDEA MANDIRI BLOK M | C9: 57 | E9: =E8+C9-D9 -> 2163 | F9: COCOK
A10: 24/4/2018 | B10: TBP-LAVIE | C10: 4 | E10: =E9+C10-D10 -> 2167 | F10: COCOK
A11: 15/5/2018 | B11: IDEA MANDIRI-SIMPRUG | C11: 84 | E11: =E10+C11-D11 -> 2251
A12: 15/5/2018 | B12: IDEA MANDIRI-KARAWANG | C12: 16 | E12: =E11+C12-D12 -> 2267 | F12: COCOK

Sheet RODA
A2: NAMA BARANG : RODA
A4: TGL | B4: NAMA PT-PROYEK | C4: MASUK | D4: KELUAR | E4: SISA | F4: KETERANGAN
B5: SISA ALAT 2017 | E5: 123
A6: 43135 | B6: DHARMA EKA-MENARA ASTRA | D6: 24 | E6: =E5+C6-D6 -> 99
A7: 15/5/2018 | B7: INDONAKANO-AKS | D7: 20 | E7: =E6+C7-D7 -> 79

Sheet UH 85
A1: NAMA BARANG UH 85
A3: TGL | B3: NAMA PT-PROYEK | C3: MASUK | D3: KELUAR | E3: SISA | F3: KETERANGAN
B4: SISA ALAT 2017 | E4: 2974
A5: 16/1/2017 | B5: INNOTECH SYSTEMS-THAMRIN 9 | C5: 63 | E5: =E4+C5-D5 -> 3037
A6: 19/1/2017 | B6: PMI-CIKOKOL | C6: 82 | E6: =E5+C6-D6 -> 3119
A7: 26/1/2018 | B7: INNOTECH SYSTEMS | C7: 10 | E7: =E6+C7-D7 -> 3129
A8: 15/2/2017 | B8: WIKA-GEDUNG TRANS CIBUBUR | D8: 300 | E8: =E7+C8-D8 -> 2829
A9: 17/2/2018 | B9: WIKA-TRANS CIBUBUR | D9: 300 | E9: =E8+C9-D9 -> 2529
A10: 18/2/2018 | B10: WIKA-TRANS CIBUBUR | D10: 200 | E10: =E9+C10-D10 -> 2329
A11: 19/2/2018 | B11: WIKA-TRANS CIBUBUR | D11: 250 | E11: =E10+C11-D11 -> 2079
A12: 20/2/2018 | B12: WIKA-TRANS CIBUBUR | D12: 150 | E12: =E11+C12-D12 -> 1929
A13: 24/2/2018 | B13: ACSET-THAMRIN 9 | C13: 20 | E13: =E12+C13-D13 -> 1949
A14: 27/2/2018 | B14: WIKA-TRANS CIBUBUR | D14: 350 | E14: =E13+C14-D14 -> 1599
A15: 43162 | B15: WIKA-TRANS CIBUBUR | D15: 100 | E15: =E14+C15-D15 -> 1499
A16: 43223 | B16: WIKA-TRANS CIBUBUR | D16: 400 | E16: =E15+C16-D16 -> 1099
A17: 43284 | B17: ACSET-THAMRIN 9 | C17: 12 | E17: =E16+C17-D17 -> 1111
A18: 19/3/2018 | B18: ACSET-THAMRIN 9 | C18: 52 | E18: =E17+C18-D18 -> 1163
A19: 28/3/2018 | B19: ACSET-THAMRIN 9 | C19: 17 | E19: =E18+C19-D19 -> 1180
A20: 43285 | B20: TBP-MEIKARTA | D20: 113 | E20: =E19+C20-D20 -> 1067
A21: 43377 | B21: TBP-MEIKARTA | D21: 100 | E21: =E20+C21-D21 -> 967
A22: 43408 | B22: TBP-MEIKARTA | D22: 140 | E22: =E21+C22-D22 -> 827
A23: 18/4/2018 | B23: TBP-MEIKARTA | D23: 150 | E23: =E22+C23-D23 -> 677
A24: 20/4/2018 | B24: TBP-MEIKARTA | D24: 100 | E24: =E23+C24-D24 -> 577 | F24: COCOK
A25: 28/4/2018 | B25: ACSET-THAMRIN 9 | C25: 25 | E25: =E24+C25-D25 -> 602
A26: 43105 | B26: TBP-MEIKARTA | D26: 200 | E26: =E25+C26-D26 -> 402
A27: 43136 | B27: TBP-MEIKARTA | D27: 425 | E27: 0 | F27: COCOK
A28: 43286 | B28: TBP-MEIKARTA-CIKARANG | D28: 150 | E28: 0
A29: 17/5/2018 | B29: ACSET-THAMRIN 9 | C29: 12 | E29: =E28+C29-D29 -> 12
A30: 18/5/2018 | B30: TBP-MEIKARTA | D30: 12 | E30: =E29+C30-D30 -> 0
A31: 30/5/2018 | B31: ACSET-THAMRIN 9 | C31: 16 | E31: =E30+C31-D31 -> 16 | F31: COCOK

Sheet JB PCH 85CM
A1: NAMA BARANG : JACK BASE PCH 85 CM
A3: TGL | B3: NAMA PT-PROYEK | C3: MASUK | D3: KELUAR | E3: SISA | F3: KETERANGAN
A4: 42248 | B4: IMP | C4: 300 | E4: =C4 -> 300 | F4: PERANCAH
A5: 42278 | B5: IMP | C5: 465 | E5: =E4+C5-D5 -> 765
A6: 42339 | B6: IMP | C6: 1000 | E6: =E5+C6-D6 -> 1765
A7: 13/1/15 | B7: IMP | C7: 565 | E7: =E6+C7-D7 -> 2330
A8: 13/1/15 | B8: TOTAL-SANTIKA 1100+1000 | D8: 2100 | E8: =E7+C8-D8 -> 230 | F8: PERANCAH
A9: 15/1/15 | B9: IMP | C9: 955 | E9: =E8+C9-D9 -> 1185
A10: 15/1/15 | B10: TOTAL-SANTIKA | D10: 500 | E10: =E9+C10-D10 -> 685 | F10: PERANCAH
A11: 16/1/15 | B11: IMP | C11: 855 | E11: =E10+C11-D11 -> 1540
A12: 16/1/15 | B12: TOTAL-SANTIKA | D12: 400 | E12: =E11+C12-D12 -> 1140
A13: 20/1/15 | B13: TOTAL-SANTIKA | D13: 1000 | E13: =E12+C13-D13 -> 140
A14: 24/1/15 | B14: TOTAL-SANTIKA | D14: 139 | E14: =E13+C14-D14 -> 1
A15: 29/1/15 | B15: TOTAL-SANTIKA | D15: 1 | E15: =E14+C15-D15 -> 0
A16: 14/9/15 | B16: IMP | C16: 300 | E16: =E15+C16-D16 -> 300
A17: 14/9/15 | B17: SANKO - LIPPO CIKARANG | D17: 300 | E17: =E16+C17-D17 -> 0
A18: 19/9/2015 | B18: IMP ( EKS UH 85) | C18: 400 | E18: =E17+C18-D18 -> 400
A19: 19/9/2015 | B19: SANKO-LIPPO CKRG | D19: 400 | E19: =E18+C19-D19 -> 0
A20: 22/9/2015 | B20: IMP (UH-85CM U/ DIJADIKAN JB 85) | C20: 310 | E20: =E19+C20-D20 -> 310
A21: 22/9/2015 | B21: SANKO-LIPPO CKRG | D21: 310 | E21: =E20+C21-D21 -> 0
A22: 23/9/2015 | B22: IMP | C22: 170 | E22: =E21+C22-D22 -> 170
A23: 42272 | B23: IMP | C23: 281 | E23: =E22+C23-D23 -> 451
A24: 26/9/2015 | B24: INDONAKANO-SANKO LIPPO | D24: 451 | E24: =E23+C24-D24 -> 0
A25: 28/9/2015 | B25: TIGA BERSAUDARA | C25: 839 | E25: =E24+C25-D25 -> 839
A26: 28/9/2015 | B26: INDONAKANO-SANKO | D26: 300 | E26: =E25+C26-D26 -> 539
A27: 30/9/2015 | B27: INDONAKANO-SANKO | D27: 49 | E27: =E26+C27-D27 -> 490
A28: 30/9/2015 | B28: IMP | C28: 49 | E28: =E27+C28-D28 -> 539
A29: 43009 | B29: TIGA BERSAUDARA JB BESAR TNP MUR | C29: 461 | E29: =E28+C29-D29 -> 1000
A30: 42134 | B30: INDONAKANO-SANKO | D30: 150 | E30: =E29+C30-D30 -> 850
A31: 42165 | B31: INDONAKANO-SANKO | D31: 142 | E31: =E30+C31-D31 -> 708
A32: 13/10/15 | B32: INDONAKANO - SANKO LIPPO | D32: 100 | E32: =E31+C32-D32 -> 608
A33: 42248 | B33: INDONAKANO-SANKO | C33: 50 | E33: =E32+C33-D33 -> 658
A34: 13/11/15 | B34: INDONAKANO-SANKO | C34: 261 | E34: =E33+C34-D34 -> 919
A35: 14/11/15 | B35: INDONAKANO-SANKO | C35: 141 | E35: =E34+C35-D35 -> 1060
A36: 16/11/15 | B36: INDONAKANO-SANKO | C36: 352 | E36: =E35+C36-D36 -> 1412
A37: 18/11/15 | B37: INDONAKANO-SANKO | C37: 74 | E37: =E36+C37-D37 -> 1486
A38: 19/11/15 | B38: INDONAKANO-SANKO | C38: 2 | E38: =E37+C38-D38 -> 1488
A39: 20/11/15 | B39: INDONAKANO-SANKO | C39: 143 | E39: =E38+C39-D39 -> 1631
A40: 23/11/15 | B40: INDONAKANO-SANKO | C40: 290 | E40: =E39+C40-D40 -> 1921
A41: 43066 | B41: SANKO | C41: 143 | E41: =E40+C41-D41 -> 2064
A42: 42338 | B42: SANKO | C42: 109 | E42: =E41+C42-D42 -> 2173
A43: 42016 | B43: INDONAKANO-SANKO | C43: 1 | E43: =E42+C43-D43 -> 2174
A44: 42047 | B44: INDONAKANO-SANKO | C44: 111 | E44: =E43+C44-D44 -> 2285
A45: 14/12/15 | B45: INDONAKANO-SANKO | C45: 11 | E45: =E44+C45-D45 -> 2296
A46: 17/12/2015 | B46: INDONAKANO-SANKO | C46: 39 | E46: =E45+C46-D46 -> 2335
A47: 22/12/15 | B47: TBP-SANTIKA | C47: 326 | E47: =E46+C47-D47 -> 2661
A48: 43088 | B48: SANKO | C48: 37 | E48: =E47+C48-D48 -> 2698
A49: 22/12/15 | B49: INDONAKANO-SANKO | C49: 131 | E49: =E48+C49-D49 -> 2829
A50: 42361 | B50: SANTIKA | C50: 260 | E50: =E49+C50-D50 -> 3089
A51: 23/12/15 | B51: INDONAKANO-SANKO | C51: 47 | E51: =E50+C51-D51 -> 3136
A52: 42361 | B52: SANKO | C52: 80 | E52: =E51+C52-D52 -> 3216
A53: 28/12/15 | B53: SANKO | C53: 23 | E53: =E52+C53-D53 -> 3239
A54: 28/12/15 | B54: TBP-SANTIKA | C54: 248 | E54: =E53+C54-D54 -> 3487
B55: SISA STOK 2017 | E55: 6161
A56: 43132 | B56: ACSET-MCC | C56: 5 | E56: =E55+C56-D56 -> 6166
A57: 43252 | B57: PMI-TOTO | C57: 4 | E57: =E56+C57-D57 -> 6170
A58: 19/1/2017 | B58: PMI-CIKOKOL | C58: 42 | E58: =E57+C58-D58 -> 6212
A59: 22/1/2018 | B59: WIKA-TAMAN SARI BEKASI | D59: 400 | E59: =E58+C59-D59 -> 5812
A60: 23/1/2018 | B60: WIKA-TAMAN SARI BEKASI | D60: 400 | E60: =E59+C60-D60 -> 5412
A61: 26/1/2018 | B61: WIKA-TAMAN SARI BEKASI | D61: 200 | E61: =E60+C61-D61 -> 5212
A62: 15/2/2018 | B62: WIKA-GEDUNG TRANS CIBUBUR | D62: 85 | E62: =E61+C62-D62 -> 5127
A63: 17/2/2018 | B63: WIKA-TRANS CIBUBUR | D63: 300 | E63: =E62+C63-D63 -> 4827
A64: 18/2/2018 | B64: WIKA-TRANS CIBUBUR | D64: 200 | E64: =E63+C64-D64 -> 4627
A65: 19/2/2018 | B65: PMI-TOTO | C65: 3 | E65: =E64+C65-D65 -> 4630
A66: 19/2/2018 | B66: WIKA-TRANS CIBUBUR | D66: 250 | E66: =E65+C66-D66 -> 4380
A67: 20/2/2018 | B67: WIKA-TRANS CIBUBUR | D67: 150 | E67: =E66+C67-D67 -> 4230
A68: 27/2/2018 | B68: WIKA-TRANS CIBUBUR | D68: 350 | E68: =E67+C68-D68 -> 3880
A69: 43103 | B69: WIKA-TRANS CIBUBUR | C69: 300 | E69: =E68+C69-D69 -> 4180
A70: 43162 | B70: WIKA-TAMAN SARI BEKASI | C70: 300 | E70: =E69+C70-D70 -> 4480
A71: 43162 | B71: WIKA-TRANS CIBUBUR | D71: 300 | E71: =E70+C71-D71 -> 4180
A72: 43223 | B72: WIKA-TRANS CIBUBUR | D72: 200 | E72: =E71+C72-D72 -> 3980 | F72: COCOK
A73: 22/3/2018 | B73: ACSET-MCC | C73: 1 | E73: =E72+C73-D73 -> 3981
A74: 43285 | B74: TBP-MEIKARTA | D74: 226 | E74: =E73+C74-D74 -> 3755
A75: 43377 | B75: TBP-MEIKARTA | D75: 200 | E75: =E74+C75-D75 -> 3555
A76: 43408 | B76: TBP-MEIKARTA | D76: 265 | E76: =E75+C76-D76 -> 3290
A77: 18/4/2018 | B77: TBP-MEIKARTA | D77: 150 | E77: =E76+C77-D77 -> 3140
A78: 20/4/2018 | B78: TBP-MEIKARTA | D78: 250 | E78: =E77+C78-D78 -> 2890 | F78: COCOK
A79: 26/4/2018 | B79: WIKA-URBANO | C79: 127 | E79: =E78+C79-D79 -> 3017 | F79: COCOK
A80: 43105 | B80: TBP-MEIKARTA | D80: 150 | E80: =E79+C80-D80 -> 2867 | F80: COCOK
A81: 43136 | B81: TBP-MEIKARTA | D81: 700 | E81: =E80+C81-D81 -> 2167 | F81: COCOK
A82: 43286 | B82: TBP-MEIKARTA-CIKARANG | D82: 717 | E82: =E81+C82-D82 -> 1450
A83: 18/5/2018 | B83: WIKA-TSU BEKASI | C83: 286 | E83: =E82+C83-D83 -> 1736 | F83: COCOK
A84: 21/5/2018 | B84: WIKA GEDUNG-URBANO | C84: 27 | E84: =E83+C84-D84 -> 1763 | F84: COCOK
A85: 26/5/2018 | B85: TBP-GOP-BSD | C85: 122 | E85: =E84+C85-D85 -> 1885 | F85: COCOK
A86: 30/5/2018 | B86: TBP-GOP-BSD | C86: 158 | E86: =E85+C86-D86 -> 2043 | F86: COCOK

Sheet JB 55CM
A2: NAMA BARANG | C2: ; JACK BASE 55CM
A4: TGL | B4: NAMA PT-PROYEK | C4: MASUK | D4: KELUAR | E4: SISA | F4: KETERANGAN
B5: SISA ALAT 2017 | E5: 1143
A6: 15/2/2018 | B6: WIKA-GEDUNG TRANS CIBUBUR | D6: 215 | E6: =E5+C6-D6 -> 928
A7: 26/2/2018 | B7: WIKA-TAMAN SARI | D7: 500 | E7: =E6+C7-D7 -> 428 | F7: COCOK
A8: 43347 | B8: WIKA-TAMAN SARI | D8: 210 | E8: =E7+C8-D8 -> 218 | F8: COCOK
A9: 43438 | B9: TAKENAKA-ASAHI MAS | D9: 100 | E9: =E8+C9-D9 -> 118 | F9: COCOK
A10: 43286 | B10: TBP-MEIKARTA-CIKARANG | D10: 90 | E10: =E9+C10-D10 -> 28 | F10: COCOK
A11: 21/5/2018 | B11: WIKA GEDUNG-URBANO | C11: 254 | E11: =E10+C11-D11 -> 282 | F11: COCOK

Sheet BODY HARNESS
A2: NAMA BARANG : BODY HARNES
A4: TGL | B4: NAMA PT-PROYEK | C4: MASUK | D4: KELUAR | E4: SISA | F4: KETERANGAN
B5: SISA ALAT 2017 | E5: 5

Sheet PIPA PROF SAPOT
A2: NAMA BARANG : PIPA PROF SAPOT
A4: TGL | B4: NAMA PT-PROYEK | C4: MASUK | D4: KELUAR | E4: SISA | F4: KETERANGAN
B5: SISA ALAT 2017 | E5: 1058

Sheet KSB TIE YOKE
A2: NAMA BARANG : KSB TIE YOKE
A4: TGL | B4: NAMA PT-PROYEK | C4: MASUK | D4: KELUAR | E4: SISA | F4: KETERANGAN
B5: SISA ALAT 2017 | E5: 19

Sheet WINGNUT
A2: NAMA ALAT : WING NUT
A4: TGL | B4: NAMA PT-PROYEK | C4: MASUK | D4: KELUAR | E4: SISA | F4: KETERANGAN
B5: SISA ALAT 2017 | E5: 2050
A6: 13/1/2018 | B6: PMI-TOTO | C6: 1 | E6: =E5+C6-D6 -> 2051
A7: 16/1/2017 | B7: NINDYA KARYA-SDN 04 MERUYA | C7: 27 | E7: =E6+C7-D7 -> 2078
A8: 24/1/2018 | B8: NINDYA KARYA-VENUE LAYAR | D8: 700 | E8: =E7+C8-D8 -> 1378
A9: 29/1/2018 | B9: ACSET-MCC | C9: 350 | E9: =E8+C9-D9 -> 1728
A10: 31/1/2018 | B10: ACSET-MCC | C10: 200 | E10: =E9+C10-D10 -> 1928
A11: 43102 | B11: POLABAJA-INDRAMAYU | C11: 400 | E11: =E10+C11-D11 -> 2328
A12: 43222 | B12: NINDYA -KTM KSO MENTENG | C12: 129 | E12: =E11+C12-D12 -> 2457
A13: 43283 | B13: NINDYA - LTM KSO-PUSK.SEMPER BARAT III | C13: 62 | E13: =E12+C13-D13 -> 2519
A14: 43375 | B14: NINDYA KARYA-TAMBORA | C14: 62 | E14: =E13+C14-D14 -> 2581
A15: 13/2/2018 | B15: ACSET-MCC | C15: 182 | E15: =E14+C15-D15 -> 2763
A16: 28/2/18 | B16: NKE-WCT | C16: 32 | E16: =E15+C16-D16 -> 2795
A17: 43134 | B17: IDEA MANDIRI | C17: 126 | E17: =E16+C17-D17 -> 2921
A18: 16/4/2018 | B18: NINDYA KARYA-VENUE LAYAR | D18: 460 | E18: =E17+C18-D18 -> 2461
A19: 17/4/2018 | B19: IDEA MANDIRI BLOK M | C19: 110 | E19: =E18+C19-D19 -> 2571
A20: 19/4/2018 | B20: NKE-CHADSTONE | D20: 400 | E20: =E19+C20-D20 -> 2171
A21: 24/4/2018 | B21: TBP-LAVIE | C21: 64 | E21: =E20+C21-D21 -> 2235 | F21: COCOK
A22: 43286 | B22: TBP-MEIKARTA | D22: 2 | E22: =E21+C22-D22 -> 2233
A23: 43317 | B23: TAKENAKA-ASAHIMAS | D23: 2 | E23: =E22+C23-D23 -> 2231
A24: 43378 | B24: TBP-MEIKARTA | D24: 58 | E24: =E23+C24-D24 -> 2173
A25: 43409 | B25: TAKENAKA-ASAHIMAS | D25: 200 | E25: =E24+C25-D25 -> 1973
A26: 43439 | B26: IMP | C26: 90 | E26: =E25+C26-D26 -> 2063
A27: 43439 | B27: TAKENAKA-ASAHI | D27: 40 | E27: =E26+C27-D27 -> 2023
A28: 13/5/2018 | B28: TBP-MEIKARTA | D28: 65 | E28: =E27+C28-D28 -> 1958
A29: 14/5/2018 | B29: TBP-MEIKARTA | D29: 136 | E29: =E28+C29-D29 -> 1822
A30: 15/5/2018 | B30: PT.STAIRS | D30: 90 | E30: =E29+C30-D30 -> 1732 | F30: COCOK
A31: 16/5/2018 | B31: TBP-MEIKARTA | D31: 30 | E31: =E30+C31-D31 -> 1702 | F31: COCOK
A32: 19/5/2018 | B32: TBP-MEIKARTA | D32: 53 | E32: =E31+C32-D32 -> 1649 | F32: COCOK
A33: 24/5/2018 | B33: TBP-MEIKARTA | D33: 70 | E33: =E32+C33-D33 -> 1579 | F33: COCOK
A34: 26/5/2018 | B34: TBP-MEIKARTA | D34: 130 | E34: =E33+C34-D34 -> 1449 | F34: COCOK

Sheet TIE ROD
A2: NAMA BARANG :TIE ROD
A4: TGL | B4: NAMA PT-PROYEK | C4: MASUK | D4: KELUAR | E4: SISA | F4: KETERANGAN
B5: SISA ALAT 2017 | E5: 238
A6: 16/1/2017 | B6: NINDYA KARYA-SDN 04 MERUYA | C6: 22 | E6: =E5+C6-D6 -> 260

Sheet TIE ROD 1 M
A2: NAMA BARANG : TIE ROD 15x17x100(1 M)
A4: TGL | B4: NAMA PT-PROYEK | C4: MASUK | D4: KELUAR | E4: SISA | F4: KETERANGAN
B5: SISA ALAT 2017 | E5: 266
A6: 16/1/2017 | B6: NINDYA KARYA-SDN 04 MERUYA | C6: 22 | E6: =E5+C6-D6 -> 288
A7: 24/1/2018 | B7: NINDYA KARYA-VENUE LAYAR | D7: 202 | E7: =E6+C7-D7 -> 86
A8: 43102 | B8: POLABAJA-INDRAMAYU | C8: 11 | E8: =E7+C8-D8 -> 97
A9: 43222 | B9: NINDYA -KTM KSO MENTENG | C9: 80 | E9: =E8+C9-D9 -> 177
A10: 43283 | B10: NINDYA - LTM KSO-PUSK.SEMPER BARAT III | C10: 12 | E10: =E9+C10-D10 -> 189
A11: 43375 | B11: NINDYA KARYA-TAMBORA | C11: 23 | E11: =E10+C11-D11 -> 212 | F11: COCOK
A12: 43254 | B12: NINDYA KARYA-PUSKESMAS | D12: 15 | E12: =E11+C12-D12 -> 197 | F12: COCOK
A13: 16/4/2018 | B13: NINDYA KARYA-VENUE LAYAR | D13: 90 | E13: =E12+C13-D13 -> 107 | F13: COCOK
A14: 43439 | B14: IMP | C14: 30 | E14: =E13+C14-D14 -> 137 | F14: di gudang wardi tie rod 1 m = 0
A15: 15/5/2018 | B15: PT.STAIRS | D15: 30 | E15: =E14+C15-D15 -> 107 | F15: COCOK

Sheet TIE ROD 1.5
A2: NAMA BARANG : TIE ROD 1.5M (150CM)
A4: TGL | B4: NAMA PT-PROYEK | C4: MASUK | D4: KELUAR | E4: SISA | F4: KETERANGAN
B5: SISA ALAT 2017 | E5: 182
A6: 43375 | B6: NINDYA KARYA-TAMBORA | C6: 14 | E6: =E5+C6-D6 -> 196
A7: 19/4/2018 | B7: NKE-CHADSTONE | D7: 198 | E7: 0

Sheet TIE ROD 70CM
A2: NAMA BARANG :TIE ROD 70CM
A4: TGL | B4: NAMA PT-PROYEK | C4: MASUK | D4: KELUAR | E4: SISA | F4: KETERANGAN
B5: SISA ALAT 2017 | E5: 348

Sheet TIE ROD 20CM
A2: NAMA BARANG : TIE ROD 20 CM (MODIF)
A4: TGL | B4: NAMA PT-PROYEK | C4: MASUK | D4: KELUAR | E4: SISA | F4: KETERANGAN
B5: SISA ALAT 2017 | E5: 462

Sheet TIE ROD 30
A2: NAMA BARANG :TIE ROD 15x17x300cm
A4: TGL | B4: NAMA PT-PROYEK | C4: MASUK | D4: KELUAR | E4: SISA | F4: KETERANGAN
B5: SISA ALAT 2017 | E5: 87

Sheet TIE ROD 40
A2: NAMA BARANG :TIE ROD 40CM
A4: TGL | B4: NAMA PT-PROYEK | C4: MASUK | D4: KELUAR | E4: SISA | F4: KETERANGAN
B5: SISA STOK 2017 | E5: 53

Sheet TIE ROD 50
A2: NAMA BARANG :TIE ROD 50CM
A4: TGL | B4: NAMA PT-PROYEK | C4: MASUK | D4: KELUAR | E4: SISA | F4: KETERANGAN
B5: SISA STOK 2017 | E5: 11

Sheet TIE ROD 60
A2: NAMA BARANG : TIE ROD 60CM
A4: TGL | B4: NAMA PT-PROYEK | C4: MASUK | D4: KELUAR | E4: SISA | F4: KETERANGAN
B5: SISA STOK 2017 | E5: 2437

Sheet TIE ROD 80
A2: NAMA BARANG :TIE ROD 80 CM
A4: TGL | B4: NAMA PT-PROYEK | C4: MASUK | D4: KELUAR | E4: SISA | F4: KETERANGAN
B5: SISA STOK ALAT 2017 | E5: 453
A6: 24/1/2018 | B6: NINDYA KARYA-VENUE LAYAR | D6: 94 | E6: =E5+C6-D6 -> 359
A7: 43102 | B7: POLABAJA-INDRAMAYU | C7: 98 | E7: =E6+C7-D7 -> 457
A8: 43375 | B8: NINDYA KARYA-TAMBORA | C8: 8 | E8: =E7+C8-D8 -> 465
A9: 43134 | B9: IDEA MANDIRI | C9: 6 | E9: =E8+C9-D9 -> 471
A10: 16/4/2018 | B10: NINDYA KARYA-VENUE LAYAR | D10: 104 | E10: =E9+C10-D10 -> 367 | F10: COCOK
A11: 17/4/2018 | B11: IDEA MANDIRI BLOK M | C11: 67 | E11: =E10+C11-D11 -> 434 | F11: COCOK
A12: 18/5/2018 | B12: NINDYA KARYA-VENUE LAYAR | D12: 40 | E12: =E11+C12-D12 -> 394 | F12: COCOK

Sheet TIE ROD 120
A2: NAMA BARANG :TIE ROD 15x17x120CM
A4: TGL | B4: NAMA PT-PROYEK | C4: MASUK | D4: KELUAR | E4: SISA | F4: KETERANGAN
B5: SISA STOK 2017 | E5: 243
A6: 43191 | B6: NKE-WCT | D6: 10 | E6: =E5+C6-D6 -> 233
A7: 43375 | B7: NINDYA KARYA-TAMBORA | C7: 4 | E7: =E6+C7-D7 -> 237
A8: 43134 | B8: IDEA MANDIRI | C8: 24 | E8: =E7+C8-D8 -> 261
A9: 16/4/2018 | B9: NINDYA KARYA-VENUE LAYAR | D9: 36 | E9: =E8+C9-D9 -> 225 | F9: COCOK
A10: 17/4/2018 | B10: IDEA MANDIRI BLOK M | C10: 26 | E10: =E9+C10-D10 -> 251 | F10: COCOK

Sheet TIE ROD 15X17X130
A2: NAMA BARANG :TIE ROD 15x17x130CM
A4: TGL | B4: NAMA PT-PROYEK | C4: MASUK | D4: KELUAR | E4: SISA | F4: KETERANGAN
B5: SISA ALAT 2017 | E5: 9

Sheet TIE ROD 15X17X160
A2: NAMA BARANG :TIE ROD 15x17x160CM
A4: TGL | B4: NAMA PT-PROYEK | C4: MASUK | D4: KELUAR | E4: SISA | F4: KETERANGAN
B5: SISA ALAT 2017 | E5: 0

Sheet TIE ROD 15X17X140
A2: NAMA BARANG :TIE ROD 15x17x140CM
A4: TGL | B4: NAMA PT-PROYEK | C4: MASUK | D4: KELUAR | E4: SISA | F4: KETERANGAN
B5: SISA ALAT 2017 | E5: 53

Sheet TIE ROD 15X17X190
A2: NAMA BARANG :TIE ROD 15/17x190 CM
A4: TGL | B4: NAMA PT-PROYEK | C4: MASUK | D4: KELUAR | E4: SISA | F4: KETERANGAN
B5: SISA ALAT 2017 | E5: 6

Sheet HOLLOW40X10X3
A2: NAMA ALAT : HOLLOW 40x100x3M
A4: TGL | B4: NAMA PT-PROYEK | C4: MASUK | D4: KELUAR | E4: SISA | F4: KETERANGAN
B5: SISA ALAT 2017 | E5: 46

Sheet HOLLOW40X10X6
A2: NAMA ALAT : HOLLOW 40x100x6M
A4: TGL | B4: NAMA PT-PROYEK | C4: MASUK | D4: KELUAR | E4: SISA | F4: KETERANGAN
B5: SISA ALAT 2017 | E5: 184

Sheet HOLLOW60X60X3.5
A2: NAMA ALAT : HOLLOW 60x60x3.5M
A4: TGL | B4: NAMA PT-PROYEK | C4: MASUK | D4: KELUAR | E4: SISA | F4: KETERANGAN
B5: SISA ALAT 2017 | E5: 107

Sheet HOLLOW40X80X1
A2: NAMA BARANG : HOLLOW 40x80x1M
A4: TGL | B4: NAMA PT-PROYEK | C4: MASUK | D4: KELUAR | E4: SISA | F4: KETERANGAN
B5: SISA ALAT 2017 | E5: 13

Sheet HOLLOW40X80X3
A2: NAMA BARANG : HOLLOW 40x80x3M
A4: TGL | B4: NAMA PT-PROYEK | C4: MASUK | D4: KELUAR | E4: SISA | F4: KETERANGAN
B5: SISA ALAT 2017 | E5: 2

Sheet HOLLOW40X80X1.5
A2: NAMA BARANG : HOLLOW 40x80x1,5M
A4: TGL | B4: NAMA PT-PROYEK | C4: MASUK | D4: KELUAR | E4: SISA | F4: KETERANGAN
B5: SISA ALAT 2017 | E5: 14

Sheet HOLLOW40X80X2.5
A2: NAMA BARANG : HOLLO 40X80X2.5 M
A4: TGL | B4: NAMA PT-PROYEK | C4: MASUK | D4: KELUAR | E4: SISA | F4: KETERANGAN
B5: SISA ALAT 2017 | E5: 1

Sheet HOLLOW 50X50X6
A2: NAMA BARANG : HOLLOW 50x50x6M
A4: TGL | B4: NAMA PT-PROYEK | C4: MASUK | D4: KELUAR | E4: SISA | F4: KETERANGAN
B5: SISA STOK 2017 | E5: 369

Sheet HOLLOW 50X50X2
A2: NAMA BARANG : HOLLO 50X50X2 M
A4: TGL | B4: NAMA PT-PROYEK | C4: MASUK | D4: KELUAR | E4: SISA | F4: KETERANGAN
B5: SISA ALAT 2017 | E5: 668
A6: 43191 | B6: NKE-WCT | D6: 223 | E6: =E5+C6-D6 -> 445
A7: 17/1/2018 | B7: PMI-MCC | C7: 44 | E7: =E6+C7-D7 -> 489
A8: 29/1/2018 | B8: ACSET-MCC | C8: 36 | E8: =E7+C8-D8 -> 525
A9: 31/1/2018 | B9: ACSET-MCC | C9: 91 | E9: =E8+C9-D9 -> 616
A10: 43253 | B10: ACSET-MCC | C10: 78 | E10: =E9+C10-D10 -> 694
A11: 13/2/2018 | B11: ACSET-MCC | C11: 53 | E11: =E10+C11-D11 -> 747
A12: 15/5/2018 | B12: NKE-WCT | C12: 204 | E12: =E11+C12-D12 -> 951 | F12: COCOK
A13: 26/3/2018 | B13: PMI-MCC | C13: 1 | E13: =E12+C13-D13 -> 952
A14: 24/5/2018 | B14: WIKA GEDUNG -PS. SENEN | D14: 200 | E14: =E13+C14-D14 -> 752

Sheet HOLLOW 50X50X2.1
A2: NAMA BARANG : HOLLO 50X50X2 M
A4: TGL | B4: NAMA PT-PROYEK | C4: MASUK | D4: KELUAR | E4: SISA | F4: KETERANGAN
A6: 29/1/2018 | B6: ACSET-MCC 5X5X2.1 | C6: 4 | E6: 4 | F6: COCOK
A7: 31/1/2018 | B7: ACSET-MCC | C7: 5 | E7: =E6+C7-D7 -> 9
A8: 43253 | B8: ACSET-MCC | C8: 8 | E8: =E7+C8-D8 -> 17 | F8: COCOK
A9: 13/2/2018 | B9: ACSET-MCC | C9: 55 | E9: =E8+C9-D9 -> 72

Sheet HOLLOW 50X50X3
A2: NAMA BARANG : HOLLOW 50x50x3M
A4: TGL | B4: NAMA PT-PROYEK | C4: MASUK | D4: KELUAR | E4: SISA | F4: KETERANGAN
B5: SISA STOCK ALAT 2017 | E5: 405
A6: 43191 | B6: GLOBAL-AROSA | C6: 2 | E6: =E5+C6-D6 -> 407
A7: 43191 | B7: NKE-WCT | D7: 151 | E7: =E6+C7-D7 -> 256
A8: 43221 | B8: PMI-TOTO | C8: 241 | E8: =E7+C8-D8 -> 497
A9: 43221 | B9: NKE-WCT | D9: 241 | E9: =E8+C9-D9 -> 256
A10: 43405 | B10: PANCA MITRA INDOCON | C10: 200 | E10: =E9+C10-D10 -> 456
A11: 16/1/2018 | B11: NINDYA KARYA-TERPADU TAMBORA | C11: 80 | E11: =E10+C11-D11 -> 536
A12: 18/1/2018 | B12: ACSET-MCC | C12: 223 | E12: =E11+C12-D12 -> 759
A13: 24/1/2018 | B13: NINDYA KARYA-VENUE LAYAR | D13: 200 | E13: =E12+C13-D13 -> 559
A14: 29/1/2018 | B14: ACSET-MCC | C14: 53 | E14: =E13+C14-D14 -> 612
A15: 31/1/2018 | B15: ACSET-MCC | C15: 24 | E15: =E14+C15-D15 -> 636
A16: 31/1/2018 | B16: NINDYA KARYA-VENEU | D16: 250 | E16: =E15+C16-D16 -> 386
A17: 43102 | B17: NINDYA KARYA-VENUE LAYAR | D17: 177 | E17: =E16+C17-D17 -> 209
A18: 43161 | B18: NINDYA KARYA-SEKOLAH TAMBORA | C18: 69 | E18: =E17+C18-D18 -> 278
A19: 43253 | B19: ACSET-MCC | C19: 99 | E19: =E18+C19-D19 -> 377
A20: 43375 | B20: NINDYA KARYA-TAMBORA | C20: 65 | E20: =E19+C20-D20 -> 442
A21: 13/2/2018 | B21: ACSET-MCC | C21: 90 | E21: =E20+C21-D21 -> 532
A22: 19/2/2018 | B22: NINDYA KARYA-HARKIT | C22: 3 | E22: =E21+C22-D22 -> 535
A23: 19/2/2018 | B23: PMI-TOTO | C23: 11 | E23: =E22+C23-D23 -> 546
A24: 15/5/2018 | B24: NKE-WCT | C24: 166 | E24: =E23+C24-D24 -> 712
A25: 29/3/2017 | B25: IDEA MANDIRI-WOLTER | C25: 90 | E25: =E24+C25-D25 -> 802
A26: 17/4/2017 | B26: IDEA MANDIRI-BLOK M | C26: 49 | E26: =E25+C26-D26 -> 851
A27: 24/4/2018 | B27: TBP-LAVIE | C27: 143 | E27: =E26+C27-D27 -> 994 | F27: COCOK
A28: 43136 | B28: IDEA MANDIRI-BLOK M | C28: 49 | E28: =E27+C28-D28 -> 1043 | F28: COCOK
A29: 43348 | B29: WIKA-JAYA-KONSTRUKSI | D29: 250 | E29: =E28+C29-D29 -> 793
A30: 43409 | B30: WIKA-JAYA-KONSTRUKSI | D30: 191 | E30: =E29+C30-D30 -> 602 | F30: COCOK
A31: 18/5/2018 | B31: TBP-BENGKULU | D31: 289 | E31: =E30+C31-D31 -> 313 | F31: COCOK

Sheet HOLLOW 50X50X3.5
A2: NAMA BARANG : HOLLOW 50x50x3,5M
A4: TGL | B4: NAMA PT-PROYEK | C4: MASUK | D4: KELUAR | E4: SISA | F4: KETERANGAN
B5: SISA ALAT 2017 | E5: 2

Sheet HOLLOW 5X5X4
A2: NAMA BARANG : HOLLOW 50x50x4M
A4: TGL | B4: NAMA PT-PROYEK | C4: MASUK | D4: KELUAR | E4: SISA | F4: KETERANGAN
B5: SISA ALAT 2017 | E5: 1

Sheet HOLLOW 50X50X2.5
A2: NAMA BARANG : HOLLO 50X50X2.5M
A4: TGL | B4: NAMA PT-PROYEK | C4: MASUK | D4: KELUAR | E4: SISA | F4: KETERANGAN
B5: SISA ALAT 2017 | E5: 44
A6: 43253 | B6: ACSET-MCC | C6: 5 | E6: =E5+C6-D6 -> 49 | F6: COCOK
A7: 13/2/2018 | B7: ACSET-MCC | C7: 7 | E7: =E6+C7-D7 -> 56
A8: 26/3/2018 | B8: ACSET-MCC | C8: 1 | E8: =E7+C8-D8 -> 57 | F8: COCOK

Sheet HOLLO 50X50X1.8
A2: NAMA BARANG : HOLLOW 50x50x1,8M
A4: TGL | B4: NAMA PT-PROYEK | C4: MASUK | D4: KELUAR | E4: SISA | F4: KETERANGAN
B5: SISA STOK 2017 | E5: 5

Sheet HOLLOW 50X50X1.5
A2: NAMA BARANG : HOLLO 50X50X1.5M
A4: TGL | B4: NAMA PT-PROYEK | C4: MASUK | D4: KELUAR | E4: SISA | F4: KETERANGAN
B5: SISA STOK 2017 | E5: 45

Sheet HOLLOW 50X50X1
A3: NAMA BARANG : HOLLO 50X50X1M
A5: TGL | B5: NAMA PT-PROYEK | C5: MASUK | D5: KELUAR | E5: SISA | F5: KETERANGAN
B6: SISA STOK 2017 | E6: 44

Sheet HOLLOW 50X50X5
A3: NAMA BARANG : HOLLO 50X50X5M
A5: TGL | B5: NAMA PT-PROYEK | C5: MASUK | D5: KELUAR | E5: SISA | F5: KETERANGAN
B6: SISA STOK 2017 | E6: 60

Sheet HOLLOW 4X6X8
A2: NAMA BARANG : HOLLOW 40x60x80 CM
A4: TGL | B4: NAMA PT-PROYEK | C4: MASUK | D4: KELUAR | E4: SISA | F4: KETERANGAN
B5: SISA ALAT 2017 | E5: 6

Sheet HOLLOW 40X60X9
A2: NAMA BARANG : HOLLOW 40x60x80 CM
A4: TGL | B4: NAMA PT-PROYEK | C4: MASUK | D4: KELUAR | E4: SISA | F4: KETERANGAN
B5: SISA ALAT 2017 | E5: 3

Sheet HOLLOW 40X60X7
A2: NAMA BARANG : HOLLOW 40x60x7 CM
A4: TGL | B4: NAMA PT-PROYEK | C4: MASUK | D4: KELUAR | E4: SISA | F4: KETERANGAN
B5: SISA ALAT 2017 | E5: 7

Sheet HOLLOW 40X60X7.7
A1: NAMA BARANG : HOLLOW 40x60x7.7 CM
A3: TGL | B3: NAMA PT-PROYEK | C3: MASUK | D3: KELUAR | E3: SISA | F3: KETERANGAN
A4: 13/5/2017 | B4: HOR-MERUYA (4X6X7.7) | C4: 8 | E4: 8

Sheet HOLLOW 40X60X6
A2: NAMA BARANG : HOLLOW 40x60x6M
A4: TGL | B4: NAMA PT-PROYEK | C4: MASUK | D4: KELUAR | E4: SISA | F4: KETERANGAN
B5: SISA STOK 2017 | E5: 2014
A6: 17/5/2018 | B6: TBP-BENGKULU | D6: 85 | E6: =E5+C6-D6 -> 1929

Sheet HOLLOW 40X60X5
A2: NAMA BARANG : HOLLOW 40x60x50 CM
A4: TGL | B4: NAMA PT-PROYEK | C4: MASUK | D4: KELUAR | E4: SISA | F4: KETERANGAN
B5: SISA STOCK ALAT 2017 | E5: 226

Sheet HOLLOW 40X60X4
A2: NAMA BARANG : HOLLOW 40x60x4M
A4: TGL | B4: NAMA PT-PROYEK | C4: MASUK | D4: KELUAR | E4: SISA | F4: KETERANGAN | G4: STOK GUDANG
B5: SISA ALAT 2017 | E5: 366
A6: 15/1/2017 | B6: NINDYA KARYA-SMPN 224 | C6: 61 | E6: =E5+C6-D6 -> 427
A7: 17/1/2018 | B7: NINDYA KARYA-RS.HARKIT | C7: 118 | E7: =E6+C7-D7 -> 545
A8: 29/1/2018 | B8: NINDYA KARYA-HARKIT | C8: 54 | E8: =E7+C8-D8 -> 599
A9: 43161 | B9: NINDYA KARYA-HARKIT | C9: 109 | E9: =E8+C9-D9 -> 708
A10: 43324 | B10: NINDYA KARYA-HARKIT | C10: 70 | E10: =E9+C10-D10 -> 778
A11: 20/2/2018 | B11: NINDYA KARYA-HARKIT | C11: 25 | E11: =E10+C11-D11 -> 803
A12: 14/4/2018 | B12: TBP-MEIKARTA | D12: 76 | E12: =E11+C12-D12 -> 727 | F12: COCOK
A13: 43439 | B13: TBP-BENGKULU | D13: 580 | E13: =E12+C13-D13 -> 147 | F13: COCOK
A14: 17/5/2018 | B14: TBP-BENGKULU | D14: 19 | E14: =E13+C14-D14 -> 128 | F14: COCOK | G14: STOK 0 TGL 19/5/2018
A15: 18/5/2018 | B15: TBP-BENGKULU | D15: 75 | E15: =E14+C15-D15 -> 53 | F15: COCOK | G15: TGL 26/5 = 7

Sheet HOLLOW 40X60X2.5
A2: NAMA BARANG : HOLLOW 40x60x2,5M
A4: TGL | B4: NAMA PT-PROYEK | C4: MASUK | D4: KELUAR | E4: SISA | F4: KETERANGAN | G4: STOK GUDANG
B5: SISA ALAT 2017 | E5: 982
A6: 43374 | B6: NINDYA KARYA-SDN KAPUK | C6: 3 | E6: =E5+C6-D6 -> 985 | F6: COCOK
A7: 43405 | B7: PANCA MITRA INDOCON | C7: 45 | E7: =E6+C7-D7 -> 1030
A8: 29/1/2018 | B8: ACSET-MCC | C8: 4 | E8: =E7+C8-D8 -> 1034
A9: 31/1/2018 | B9: ACSET-MCC | C9: 7 | E9: =E8+C9-D9 -> 1041
A10: 43253 | B10: ACSET-MCC | C10: 4 | E10: =E9+C10-D10 -> 1045
A11: 13/2/2018 | B11: ACSET-MCC | C11: 1 | E11: =E10+C11-D11 -> 1046
A12: 26/3/2018 | B12: ACSET-MCC | C12: 2 | E12: =E11+C12-D12 -> 1048
A13: 43285 | B13: TBP-MEIKARTA | D13: 103 | E13: =E12+C13-D13 -> 945
A14: 14/4/2018 | B14: TBP-MEIKARTA | D14: 133 | E14: =E13+C14-D14 -> 812 | F14: COCOK
A15: 19/4/2018 | B15: TBP-MEIKARTA | D15: 86 | E15: =E14+C15-D15 -> 726 | F15: COCOK
A16: 25/4/2018 | B16: TBP-MEIKARTA | D16: 300 | E16: =E15+C16-D16 -> 426 | F16: COCOK | G16: TGL 26/5 =224
A17: 43105 | B17: TBP-MEIKARTA | D17: 350 | E17: =E16+C17-D17 -> 76 | F17: COCOK | G17: 224

Sheet HOLLOW 40X60X2
A2: NAMA BARANG : HOLLOW 40x60x2M
A4: TGL | B4: NAMA PT-PROYEK | C4: MASUK | D4: KELUAR | E4: SISA | F4: KETERANGAN
B5: SISA ALAT 2017 | E5: 1082
A6: 43374 | B6: NINDYA KARYA-SDN KAPUK | C6: 5 | E6: =E5+C6-D6 -> 1087 | F6: COCOK
A7: 29/1/2018 | B7: ACSET-MCC | C7: 8 | E7: =E6+C7-D7 -> 1095
A8: 31/1/2018 | B8: ACSET-MCC | C8: 3 | E8: =E7+C8-D8 -> 1098
A9: 13/2/2018 | B9: ACSET-MCC | C9: 1 | E9: =E8+C9-D9 -> 1099
A10: 26/3/2018 | B10: ACSET-MCC | C10: 3 | E10: =E9+C10-D10 -> 1102
A11: 43285 | B11: TBP-MEIKARTA | D11: 76 | E11: =E10+C11-D11 -> 1026
A12: 43438 | B12: TBP-MEIKARTA | D12: 330 | E12: =E11+C12-D12 -> 696 | F12: COCOK
A13: 14/4/2018 | B13: TBP-MEIKARTA | D13: 211 | E13: =E12+C13-D13 -> 485 | F13: COCOK

Sheet HOLLOW 40X60X2.3
A1: NAMA BARANG : HOLLOW 40x60x2,3M
A3: TGL | B3: NAMA PT-PROYEK | C3: MASUK | D3: KELUAR | E3: SISA | F3: KETERANGAN
B4: SISA ALAT 2017 | E4: 0

Sheet HOLLOW40X60X3
A2: NAMA BARANG : HOLLOW 40x60x3M
A4: TGL | B4: NAMA PT-PROYEK | C4: MASUK | D4: KELUAR | E4: SISA | F4: KETERANGAN | G4: STOK GUDANG
B5: SISA ALAT 2017 | E5: 3565
A6: 43374 | B6: NINDYA KARYA-SDN 04 MERUYA | C6: 81 | E6: =E5+C6-D6 -> 3646
A7: 43405 | B7: NINDYA KARYA-SDN KEB.JERUK 06 | C7: 51 | E7: =E6+C7-D7 -> 3697
A8: 16/1/2018 | B8: NINDYA KARYA-TERPADU TAMBORA | C8: 18 | E8: =E7+C8-D8 -> 3715
A9: 17/1/2018 | B9: NINDYA KARYA-RS.HARKIT | C9: 10 | E9: =E8+C9-D9 -> 3725
A10: 24/1/2018 | B10: NINDYA KARYA-RS.HARKIT | C10: 4 | E10: =E9+C10-D10 -> 3729
A11: 29/1/2018 | B11: NINDYA KARYA-HARKIT | C11: 3 | E11: =E10+C11-D11 -> 3732
A12: 43161 | B12: NINDYA KARYA-SEKOLAH TAMBORA | C12: 12 | E12: =E11+C12-D12 -> 3744
A13: 43375 | B13: NINDYA KARYA-TAMBORA | C13: 11 | E13: =E12+C13-D13 -> 3755
A14: 20/2/2018 | B14: NINDYA KARYA-HARKIT | C14: 13 | E14: =E13+C14-D14 -> 3768
A15: 14/3/2018 | B15: INDONAKANO-HIRUTA | C15: 5 | E15: =E14+C15-D15 -> 3773
A16: 43285 | B16: TBP-MEIKARTA | D16: 155 | E16: =E15+C16-D16 -> 3618
A17: 43377 | B17: TBP-MEIKARTA | D17: 150 | E17: =E16+C17-D17 -> 3468
A18: 43438 | B18: TBP-MEIKARTA | D18: 220 | E18: =E17+C18-D18 -> 3248 | F18: COCOK
A19: 14/4/2018 | B19: TBP-MEIKARTA | D19: 78 | E19: =E18+C19-D19 -> 3170 | F19: COCOK
A20: 25/4/2018 | B20: TBP-MEIKARTA | D20: 500 | E20: =E19+C20-D20 -> 2670 | F20: COCOK
A21: 43105 | B21: TBP-MEIKARTA | D21: 150 | E21: =E20+C21-D21 -> 2520 | F21: COCOK
A22: 43409 | B22: TBP-MEIKARTA | D22: 300 | E22: =E21+C22-D22 -> 2220 | F22: COCOK
A23: 18/5/2018 | B23: TBP-BENGKULU | D23: 1406 | E23: =E22+C23-D23 -> 814 | F23: COCOK
A24: 24/5/2018 | B24: TBP-MEIKARTA | D24: 104 | E24: =E23+C24-D24 -> 710 | F24: COCOK | G24: TGL 26/5 = 57
G25: 57

Sheet HOLLOW40X60X3.5
A2: NAMA BARANG : HOLLOW 40x60x3,5M
A4: TGL | B4: NAMA PT-PROYEK | C4: MASUK | D4: KELUAR | E4: SISA | F4: KETERANGAN | G4: STOK GUDANG
B5: SISA ALAT 2017 | E5: 1168
A6: 43374 | B6: NINDYA KARYA-SDN KAPUK | C6: 10 | E6: =E5+C6-D6 -> 1178
A7: 13/2/2018 | B7: ACSET-MCC | C7: 4 | E7: =E6+C7-D7 -> 1182
A8: 20/2/2018 | B8: NINDYA KARYA-HARKIT | C8: 3 | E8: =E7+C8-D8 -> 1185
A9: 26/3/2018 | B9: ACSET-MCC | C9: 1 | E9: =E8+C9-D9 -> 1186
A10: 43377 | B10: TBP-MEIKARTA | D10: 60 | E10: =E9+C10-D10 -> 1126
A11: 14/4/2018 | B11: TBP-MEIKARTA | D11: 84 | E11: =E10+C11-D11 -> 1042 | F11: COCOK
A12: 19/4/2018 | B12: TBP-MEIKARTA | D12: 315 | E12: =E11+C12-D12 -> 727 | F12: COCOK
A13: 17/5/2018 | B13: TBP-BENGKULU | D13: 476 | E13: =E12+C13-D13 -> 251 | F13: COCOK
A14: 18/5/2018 | B14: TBP-BENGKULU | D14: 265 | E14: 0 | F14: COCOK | G14: TGL 26/5 = 30

Sheet HOLLO40X60X1
A2: NAMA BARANG : HOLLOW 40x60x1M
A4: TGL | B4: NAMA PT-PROYEK | C4: MASUK | D4: KELUAR | E4: SISA | F4: KETERANGAN
B5: SISA ALAT 2017 | E5: 195

Sheet HOLLOW 40X60X120
A2: NAMA BARANG : HOLLOW 40x60X120
A4: TGL | B4: NAMA PT-PROYEK | C4: MASUK | D4: KELUAR | E4: SISA | F4: KETERANGAN
B5: SISA ALAT 2017 | E5: 7

Sheet HOLOW 40X60X130
A2: NAMA BARANG : HOLLOW 40x60X130
A4: TGL | B4: NAMA PT-PROYEK | C4: MASUK | D4: KELUAR | E4: SISA | F4: KETERANGAN
B5: SISA ALAT 2017 | E5: 2

Sheet HOLLOW 40X60X170
A2: NAMA BARANG : HOLLOW 40x60X170
A4: TGL | B4: NAMA PT-PROYEK | C4: MASUK | D4: KELUAR | E4: SISA | F4: KETERANGAN
B5: SISA ALAT 2017 | E5: 1

Sheet HOLLOW 40X60X115
A2: NAMA BARANG : HOLLOW 40x60X115
A4: TGL | B4: NAMA PT-PROYEK | C4: MASUK | D4: KELUAR | E4: SISA | F4: KETERANGAN
B5: SISA ALAT 2017 | E5: 3

Sheet HOLLOW40X60X1.5
A2: NAMA BARANG : HOLLOW 40x60x1,5M
A4: TGL | B4: NAMA PT-PROYEK | C4: MASUK | D4: KELUAR | E4: SISA | F4: KETERANGAN
B5: SISA ALAT 2017 | E5: 75
E6: =E5+'SURI-SURI 40.60.1.5'!C14-D6 -> 78

Sheet RANGKA HOLLO 40X60
A2: NAMA BARANG : HOLLOW 40x60
A4: TGL | B4: NAMA PT-PROYEK | C4: MASUK | D4: KELUAR | E4: SISA | F4: KETERANGAN
B5: SISA ALAT 2017 | E5: 70

Sheet HOLLOW 50x10x3
A2: NAMA BARANG : HOLLOW 50x100x3M
A4: TGL | B4: NAMA PT-PROYEK | C4: MASUK | D4: KELUAR | E4: SISA | F4: KETERANGAN
B5: SISA ALAT 2017 | E5: 2406
A6: 43252 | B6: PMI-TOTO | C6: 8 | E6: =E5+C6-D6 -> 2414
A7: 43374 | B7: ACSET-MCC | C7: 13 | E7: =E6+C7-D7 -> 2427
A8: 16/1/2018 | B8: ACSET-MCC | C8: 9 | E8: =E7+C8-D8 -> 2436
A9: 18/1/2018 | B9: ACSET-MCC | C9: 3 | E9: =E8+C9-D9 -> 2439
A10: 20/1/2018 | B10: ACSET-MCC-GDNG CIKOKOL | C10: 14 | E10: =E9+C10-D10 -> 2453
A11: 29/1/2018 | B11: ACSET-MCC | C11: 4 | E11: =E10+C11-D11 -> 2457
A12: 31/1/2018 | B12: ACSET-MCC | C12: 1 | E12: =E11+C12-D12 -> 2458
A13: 43253 | B13: ACSET-MCC | C13: 1 | E13: =E12+C13-D13 -> 2459
A14: 13/2/2018 | B14: ACSET-MCC | C14: 1 | E14: =E13+C14-D14 -> 2460
A15: 43315 | B15: PMI-TOTO | C15: 7 | E15: =E14+C15-D15 -> 2467
A16: 26/3/2018 | B16: PMI-MCC (CIKOKOL) | C16: 8 | E16: =E15+C16-D16 -> 2475
A17: 43285 | B17: TBP-MEIKARTA | D17: 37 | E17: =E16+C17-D17 -> 2438
A18: 43377 | B18: TBP-MEIKARTA | D18: 30 | E18: =E17+C18-D18 -> 2408
A19: 43438 | B19: TBP-MEIKARTA | D19: 155 | E19: =E18+C19-D19 -> 2253
A20: 14/4/2018 | B20: TBP-MEIKARTA | D20: 95 | E20: =E19+C20-D20 -> 2158 | F20: COCOK
A21: 43348 | B21: WIKA-JAYA-KONSTRUKSI | D21: 168 | E21: =E20+C21-D21 -> 1990 | F21: email ibu tgl 7/5/18 - stok
F22: di gudang 928 tgl 5/5/18

Sheet HOLLO 50.10.2,5
A2: NAMA BARANG : HOLLOW 50x100x2,5M
A4: TGL | B4: NAMA PT-PROYEK | C4: MASUK | D4: KELUAR | E4: SISA | F4: KETERANGAN
B5: SISA ALAT 2017 | E5: 504

Sheet HOLLO 50X10X2
A2: NAMA BARANG : HOLLOW 50x100x2M
A4: TGL | B4: NAMA PT-PROYEK | C4: MASUK | D4: KELUAR | E4: SISA | F4: KETERANGAN
B5: SISA STOK 2017 | E5: 1006
A6: 43132 | B6: ACSET-MCC | C6: 17 | E6: =E5+C6-D6 -> 1023
A7: 16/1/2018 | B7: ACSET-MCC | C7: 54 | E7: =E6+C7-D7 -> 1077
A8: 17/1/2018 | B8: PMI-MCC (CIKOKOL) | C8: 122 | E8: =E7+C8-D8 -> 1199
A9: 18/1/2018 | B9: ACSET-MCC | C9: 17 | E9: =E8+C9-D9 -> 1216
A10: 19/1/2018 | B10: ACSET-MCC | C10: 4 | E10: =E9+C10-D10 -> 1220
A11: 29/1/2018 | B11: ACSET-MCC | C11: 44 | E11: =E10+C11-D11 -> 1264
A12: 31/1/2018 | B12: ACSET-MCC | C12: 27 | E12: =E11+C12-D12 -> 1291
A13: 43253 | B13: ACSET-MCC | C13: 10 | E13: =E12+C13-D13 -> 1301
A14: 13/2/2018 | B14: ACSET-MCC | C14: 4 | E14: =E13+C14-D14 -> 1305
A15: 19/2/2018 | B15: PMI-TOTO | C15: 5 | E15: =E14+C15-D15 -> 1310
A16: 22/3/2018 | B16: ACSET-MCC | C16: 4 | E16: =E15+C16-D16 -> 1314 | F16: COCOK
A17: 43285 | B17: TBP-MEIKARTA | D17: 24 | E17: =E16+C17-D17 -> 1290 | F17: COCOK

Sheet HOLLOW5X10X1.5
A2: NAMA BARANG : HOLLOW 50x10x1.5M
A4: TGL | B4: NAMA PT-PROYEK | C4: MASUK | D4: KELUAR | E4: SISA | F4: KETERANGAN
B5: SISA ALAT 2017 | E5: 93
A6: 26/3/2018 | B6: PMI-MCC | C6: 8 | E6: =E5+C6-D6 -> 101

Sheet HOLLOW5X10X1
A2: NAMA BARANG : HOLLOW 50x10x1M
A4: TGL | B4: NAMA PT-PROYEK | C4: MASUK | D4: KELUAR | E4: SISA | F4: KETERANGAN
B5: SISA ALAT 2017 | E5: 2
A6: 26/3/2018 | B6: ACSET-MCC (CIKOKOL) | C6: 5 | E6: =E5+C6-D6 -> 7 | F6: COCOK

Sheet HOLLOW5X10X4DD
A2: NAMA BARANG : HOLLOW 50x10x4M DINDING
A4: TGL | B4: KETERANGAN | C4: MASUK | D4: KELUAR | E4: SISA
A5: 42622 | B5: JAGAT-BEKASI | C5: 84 | E5: =C5-D5 -> 84
A6: 42622 | B6: JAGAT-BEKASI | C6: 38 | E6: =E5+C6-D6 -> 122
A7: 14/9/16 | B7: JAGAT BEKASI | C7: 86 | E7: =E6+C7-D7 -> 208
A8: 15/9/16 | B8: JAGAT-BEKASI | C8: 32 | E8: =E7+C8-D8 -> 240
A9: 16/9/16 | B9: JAGAT BEKASI | C9: 1 | E9: =E8+C9-D9 -> 241
A10: 17/9/16 | B10: JAGAT-BEKASI | C10: 1 | E10: =E9+C10-D10 -> 242
A11: 20/9/16 | B11: JAGAT-BEKASI | C11: 37 | E11: =E10+C11-D11 -> 279
A12: 21/9/16 | B12: JAGAT-BEKASI | C12: 44 | E12: =E11+C12-D12 -> 323
A13: 22/9/16 | B13: JAGAT-BEKASI | C13: 16 | E13: =E12+C13-D13 -> 339
A14: 24/9/16 | B14: JAGAT-BEKASI | C14: 10 | E14: =E13+C14-D14 -> 349
A15: 26/9/16 | B15: JAGAT BEKASI | C15: 28 | E15: =E14+C15-D15 -> 377
A16: 42439 | B16: IMP | D16: 17 | E16: =E15+C16-D16 -> 360
A17: 42439 | B17: JAGAT BEKASI | C17: 17 | E17: =E16+C17-D17 -> 377
A18: 42561 | B18: JAGAT-BEKASI | C18: 43 | E18: =E17+C18-D18 -> 420
A19: 42714 | B19: Ppa-Springlake | C19: 4 | E19: =E18+C19-D19 -> 424
A20: 13/10/16 | B20: SPRING LAKE BEKASI | C20: 40 | E20: =E19+C20-D20 -> 464
A21: 14/10/16 | B21: SPRING LAKE BEKASI | C21: 17 | E21: =E20+C21-D21 -> 481
A22: 15/10/16 | B22: SPRING LAKE BEKASI | C22: 12 | E22: =E21+C22-D22 -> 493
A23: 16/10/2016 | B23: HOR MERUYA | C23: 1 | E23: =E22+C23-D23 -> 494
A24: 24/10/16 | B24: SPRING LAKE BEKASI | C24: 3 | E24: =E23+C24-D24 -> 497
A25: 27/10/16 | B25: SPRING LAKE BEKASI | C25: 1 | E25: =E24+C25-D25 -> 498
A26: 42471 | B26: Ppa-Springlake | C26: 1 | E26: =E25+C26-D26 -> 499
A27: 22/11/16 | B27: HOR-MERUYA | D27: 34 | E27: =E26+C27-D27 -> 465
A28: 18/4/2017 | B28: HOR-MERUYA (dinding) | C28: 19 | E28: =E27+C28-D28 -> 484
A29: 19/4/2017 | B29: HOR-MERUYA (dinding) | C29: 14 | E29: =E28+C29-D29 -> 498
B30: SISA STOK 2017 | E30: =E29+C30-D30 -> 498

Sheet HOLLO5X10X4
A2: NAMA BARANG : HOLLOW 50x100x4M
A4: TGL | B4: NAMA PT-PROYEK | C4: MASUK | D4: KELUAR | E4: SISA | F4: KETERANGAN
B5: SISA ALAT 2017 | E5: 4413
A6: 43374 | B6: ACSET-MCC | C6: 53 | E6: =E5+C6-D6 -> 4466
A7: 16/1/2018 | B7: ACSET-MCC | C7: 11 | E7: =E6+C7-D7 -> 4477
A8: 18/1/2018 | B8: ACSET-MCC | C8: 6 | E8: =E7+C8-D8 -> 4483
A9: 19/1/2018 | B9: ACSET-MCC | C9: 14 | E9: =E8+C9-D9 -> 4497
A10: 27/1/2018 | B10: PMI-MCC (CIKOKOL) | C10: 13 | E10: =E9+C10-D10 -> 4510
A11: 27/1/2018 | B11: PMI-TOTO | C11: 6 | E11: =E10+C11-D11 -> 4516
A12: 29/1/2018 | B12: ACSET-MCC | C12: 14 | E12: =E11+C12-D12 -> 4530
A13: 31/1/2018 | B13: ACSET-MCC | C13: 1 | E13: =E12+C13-D13 -> 4531
A14: 13/2/2018 | B14: ACSET-MCC | C14: 3 | E14: =E13+C14-D14 -> 4534
A15: 14/2/2018 | B15: ACSET-MCC | C15: 2 | E15: =E14+C15-D15 -> 4536
A16: 23/2/2018 | B16: TBP-BURSA EFEK SUDIRMAN | D16: 70 | E16: =E15+C16-D16 -> 4466 | F16: COCOK
A17: 43134 | B17: TBP-BURSA EFEK SUDIRMAN | D17: 15 | E17: =E16+C17-D17 -> 4451
A18: 26/3/2018 | B18: ACSET-MCC | C18: 3 | E18: =E17+C18-D18 -> 4454
A19: 26/3/2018 | B19: TBP-BEJ - SUDIRMAN | C19: 52 | E19: =E18+C19-D19 -> 4506
A20: 31/3/2018 | B20: TBP-BURSA EFEK-SUDIRMAN | C20: 31 | E20: =E19+C20-D20 -> 4537
A21: 43377 | B21: TBP-MEIKARTA | D21: 50 | E21: =E20+C21-D21 -> 4487
A22: 43438 | B22: TBP-MEIKARTA | D22: 165 | E22: =E21+C22-D22 -> 4322 | F22: COCOK

Sheet HOLLO5X10X6
A2: NAMA BARANG : HOLLOW 50x10x6M
A4: TGL | B4: NAMA PT-PROYEK | C4: MASUK | D4: KELUAR | E4: SISA | F4: KETERANGAN
B5: SISA ALAT 2017 | E5: 891
A6: 43223 | B6: INDONAKANO-HIRUTA | C6: 40 | E6: =E5+C6-D6 -> 931
A7: 24/5/2018 | B7: INDONAKANO-SCOOT | D7: 100 | E7: =E6+C7-D7 -> 831 | F7: COCOK

Sheet VERTICAL STANDAR 2,5M
A2: NAMA BARANG : VERTICAL 2,5 M
A4: TGL | B4: NAMA PT-PROYEK | C4: MASUK | D4: KELUAR | E4: SISA | F4: KETERANGAN
B5: SISA ALAT 2017 | E5: 120

Sheet VERTICAL STANDART 2 M
A2: NAMA BARANG : VERTICAL 2M
A4: TGL | B4: NAMA PT-PROYEK | C4: MASUK | D4: KELUAR | E4: SISA | F4: KETERANGAN
B5: SISA ALAT 2017 (sdh di revisi) | E5: 4010
A6: 26/1/2018 | B6: PMI-TOTO | C6: 9 | E6: =E5+C6-D6 -> 4019
A7: 28/1/2018 | B7: WIKA-GEDUNG | D7: 250 | E7: =E6+C7-D7 -> 3769
A8: 29/1/2018 | B8: WIKA-TAMAN SARI | D8: 250 | E8: =E7+C8-D8 -> 3519
A9: 31/1/2018 | B9: ACSET-MCC | C9: 1 | E9: =E8+C9-D9 -> 3520
A10: 43375 | B10: WIKA-TAMAN SARI | D10: 227 | E10: =E9+C10-D10 -> 3293
A11: 43436 | B11: WIKA-TAMAN SARI | D11: 273 | E11: =E10+C11-D11 -> 3020
A12: 15/2/2018 | B12: WIKA-TRANS CIBUBUR | D12: 300 | E12: =E11+C12-D12 -> 2720
A13: 17/2/2018 | B13: WIKA-TRANS CIBUBUR | D13: 300 | E13: =E12+C13-D13 -> 2420
A14: 18/2/2018 | B14: WIKA-TRANS CIBUBUR | D14: 100 | E14: =E13+C14-D14 -> 2320
A15: 18/2/2018 | B15: WIKA-TRANS CIBUBUR | D15: 200 | E15: =E14+C15-D15 -> 2120
A16: 19/2/2018 | B16: WIKA-TRANS CIBUBUR | D16: 250 | E16: =E15+C16-D16 -> 1870
A17: 20/2/2018 | B17: WIKA-TRANS CIBUBUR | D17: 370 | E17: =E16+C17-D17 -> 1500
A18: 27/2/2018 | B18: WIKA-TRANS CIBUBUR | D18: 350 | E18: =E17+C18-D18 -> 1150
A19: 43162 | B19: WIKA-TRANS CIBUBUR | D19: 100 | E19: =E18+C19-D19 -> 1050
A20: 43223 | B20: WIKA-TRANS CIBUBUR | D20: 200 | E20: =E19+C20-D20 -> 850
A21: 43284 | B21: ACSET-THAMRIN 9 | C21: 23 | E21: =E20+C21-D21 -> 873
A22: 15/3/2018 | B22: ACSET-THAMRIN 9 | D22: 23 | E22: =E21+C22-D22 -> 850
A23: 22/3/2018 | B23: ACSET-MCC | C23: 1 | E23: =E22+C23-D23 -> 851
A24: 43285 | B24: TBP-MEIKARTA | D24: 113 | E24: =E23+C24-D24 -> 738
A25: 43377 | B25: TBP-MEIKARTA | D25: 200 | E25: =E24+C25-D25 -> 538
A26: 43408 | B26: TBP-MEIKARTA | D26: 270 | E26: =E25+C26-D26 -> 268
A27: 43438 | B27: TBP-MEIKARTA | D27: 20 | E27: =E26+C27-D27 -> 248
A28: 13/4/2018 | B28: IMP | C28: 200 | E28: =E27+C28-D28 -> 448
A29: 14/4/2018 | B29: TBP-MEIKARTA | D29: 208 | E29: =E28+C29-D29 -> 240 | F29: COCOK
A30: 18/4/2018 | B30: TBP-MEIKARTA | D30: 6 | E30: =E29+C30-D30 -> 234 | F30: COCOK
A31: 28/4/2018 | B31: WIKA GEDUNG | C31: 220 | E31: =E30+C31-D31 -> 454
A32: 43105 | B32: TBP-MEIKARTA | D32: 244 | E32: =E31+C32-D32 -> 210 | F32: COCOK
A33: 18/5/2018 | B33: WIKA-TSU BEKASI | C33: 110 | E33: =E32+C33-D33 -> 320
A34: 18/5/2018 | B34: IMP | C34: 250 | E34: =E33+C34-D34 -> 570
A35: 18/5/2018 | B35: TBP-MEIKARTA | D35: 110 | E35: =E34+C35-D35 -> 460 | F35: COCOK
A36: 19/5/2018 | B36: TBP-MEIKARTA | D36: 250 | E36: =E35+C36-D36 -> 210
A37: 22/5/2018 | B37: TBP-MEIKARTA | D37: 43 | E37: =E36+C37-D37 -> 167 | F37: COCOK

Sheet VERTICAL STAND 0.5M-50CM
A2: NAMA BARANG : VERTICAL 0,5M
A4: TGL | B4: NAMA PT-PROYEK | C4: MASUK | D4: KELUAR | E4: SISA | F4: KETERANGAN
B5: SISA ALAT 2017 | E5: 3188
A6: 26/1/2018 | B6: PMI-TOTO | C6: 2 | E6: =E5+C6-D6 -> 3190 | F6: COCOK
A7: 20/2/2018 | B7: WIKA-TRANS CIBUBUR | D7: 1000 | E7: =E6+C7-D7 -> 2190
A8: 19/4/2018 | B8: WIKA-TRANS CIBUBUR | D8: 200 | E8: =E7+C8-D8 -> 1990
A9: 18/4/2018 | B9: TBP-MEIKARTA | D9: 300 | E9: =E8+C9-D9 -> 1690
A10: 20/4/2018 | B10: TBP-MEIKARTA | D10: 517 | E10: =E9+C10-D10 -> 1173 | F10: COCOK
A11: 24/4/2018 | B11: TAKENAKA-ASAHIMAS | D11: 400 | E11: =E10+C11-D11 -> 773 | F11: COCOK
A12: 26/4/2018 | B12: TAKENAKA-ASAHIMAS | D12: 100 | E12: =E11+C12-D12 -> 673 | F12: COCOK
A13: 43105 | B13: TBP-MEIKARTA | D13: 244 | E13: =E12+C13-D13 -> 429 | F13: COCOK

Sheet VERTICAL STAND. 1M
A2: NAMA BARANG : VERTICAL 1M
A4: TGL | B4: NAMA PT-PROYEK | C4: MASUK | D4: KELUAR | E4: SISA | F4: KETERANGAN
B5: SISA ALAT 2017 | E5: 287
A6: 43345 | B6: WIKA-TRANS CIBUBUR | D6: 75 | E6: =E5+C6-D6 -> 212
A7: 43375 | B7: WIKA-TAMAN SARI | D7: 46 | E7: =E6+C7-D7 -> 166
A8: 19/2/2018 | B8: WIKA-TRANS CIBUBUR | D8: 55 | E8: =E7+C8-D8 -> 111
A9: 20/2/2018 | B9: NKE-WCT | D9: 25 | E9: =E8+C9-D9 -> 86
A10: 24/2/2018 | B10: ACSET-THAMRIN 9 | C10: 34 | E10: =E9+C10-D10 -> 120
A11: 27/2/2018 | B11: WIKA-TRANS CIBUBUR | D11: 40 | E11: =E10+C11-D11 -> 80
A12: 43134 | B12: WIKA-TRANS CIBUBUR | D12: 7 | E12: =E11+C12-D12 -> 73
A13: 43223 | B13: WIKA-TRANS CIBUBUR | D13: 10 | E13: =E12+C13-D13 -> 63
A14: 43284 | B14: ACSET-THAMRIN 9 | C14: 30 | E14: =E13+C14-D14 -> 93
A15: 19/3/2018 | B15: ACSET-THAMRIN 9 | C15: 26 | E15: =E14+C15-D15 -> 119
A16: 28/3/2018 | B16: ACSET-THAMRIN 9 | C16: 11 | E16: =E15+C16-D16 -> 130
A17: 43285 | B17: WIKA-TRANS CIBUBUR | D17: 100 | E17: =E16+C17-D17 -> 30 | F17: COCOK
A18: 28/4/2018 | B18: ACSET-THAMRIN 9 | C18: 3 | E18: =E17+C18-D18 -> 33 | F18: COCOK
A19: 30/5/2018 | B19: ACSET-THAMRIN 9 | C19: 23 | E19: =E18+C19-D19 -> 56 | F19: COCOK

Sheet VERTICAL STAND 1.5M
A2: NAMA BARANG : VERTICAL 1,5M
A4: TGL | B4: NAMA PT-PROYEK | C4: MASUK | D4: KELUAR | E4: SISA | F4: KETERANGAN
B5: SISA ALAT 2017 | E5: 2296
A6: 16/1/2018 | B6: INNOTECH SYSTEMS | C6: 153 | E6: =E5+C6-D6 -> 2449
A7: 26/1/2018 | B7: INNOTECH SYSTEMS | C7: 55 | E7: =E6+C7-D7 -> 2504
A8: 24/2/2018 | B8: ACSET-THAMRIN 9 | C8: 28 | E8: =E7+C8-D8 -> 2532
A9: 43284 | B9: ACSET-THAMRIN 9 | C9: 93 | E9: =E8+C9-D9 -> 2625
A10: 19/3/2018 | B10: ACSET-THAMRIN 9 | C10: 63 | E10: =E9+C10-D10 -> 2688
A11: 28/3/2018 | B11: ACSET-THAMRIN 9 | C11: 86 | E11: =E10+C11-D11 -> 2774
A12: 43316 | B12: TAKENAKA-ASAHIMAS | D12: 250 | E12: =E11+C12-D12 -> 2524
A13: 43347 | B13: TAKENAKA-ASAHIMAS | D13: 100 | E13: =E12+C13-D13 -> 2424
A14: 43377 | B14: TAKENAKA-ASAHIMAS | D14: 220 | E14: =E13+C14-D14 -> 2204
A15: 43408 | B15: TAKENAKA-ASAHIMAS | D15: 220 | E15: =E14+C15-D15 -> 1984
A16: 43438 | B16: TAKENAKA-ASAHIMAS | D16: 200 | E16: =E15+C16-D16 -> 1784
A17: 18/4/2018 | B17: TAKENAKA-ASAHI | D17: 250 | E17: =E16+C17-D17 -> 1534
A18: 24/4/2018 | B18: TAKENAKA-ASAHI | D18: 500 | E18: =E17+C18-D18 -> 1034
A19: 28/4/2018 | B19: ACSET-THAMRIN 9 | C19: 37 | E19: =E18+C19-D19 -> 1071
A20: 28/4/2018 | B20: TAKENAKA-ASAHIMAS | D20: 800 | E20: =E19+C20-D20 -> 271
A21: 43164 | B21: TAKENAKA-ASAHIMAS | D21: 90 | E21: =E20+C21-D21 -> 181
A22: 17/5/2018 | B22: ACSET-THAMRIN 9 | C22: 125 | E22: =E21+C22-D22 -> 306
A23: 18/5/2018 | B23: TBP-MEIKARTA | D23: 125 | E23: =E22+C23-D23 -> 181
A24: 22/5/2018 | B24: TBP-MEIKARTA | D24: 37 | E24: =E23+C24-D24 -> 144
A25: 30/5/2018 | B25: ACSET-THAMRIN 9 | C25: 98 | E25: =E24+C25-D25 -> 242 | F25: COCOK

Sheet LEDGEAR 1829
A2: NAMA BARANG : LEDGER 1829
A4: TGL | B4: NAMA PT-PROYEK | C4: MASUK | D4: KELUAR | E4: SISA | F4: KETERANGAN
B5: SISA ALAT 2017 | E5: 138

Sheet LEDGER 1524
A2: NAMA BARANG : LEDGER 1524
A4: TGL | B4: NAMA PT-PROYEK | C4: MASUK | D4: KELUAR | E4: SISA | F4: KETERANGAN
B5: SISA ALAT 2017 | E5: 1919
A6: 15/2/2018 | B6: WIKA-GEDUNG TRANS CIBUBUR | D6: 300 | E6: =E5+C6-D6 -> 1619
A7: 17/2/2018 | B7: WIKA-TRANS CIBUBUR | D7: 400 | E7: =E6+C7-D7 -> 1219
A8: 18/2/2018 | B8: WIKA-TRANS CIBUBUR | D8: 300 | E8: =E7+C8-D8 -> 919
A9: 19/2/2018 | B9: WIKA-TRANS CIBUBUR | D9: 385 | E9: =E8+C9-D9 -> 534
A10: 20/2/2018 | B10: WIKA-TRANS CIBUBUR | D10: 135 | E10: =E9+C10-D10 -> 399
A11: 43162 | B11: WIKA-TRANS CIBUBUR | D11: 43 | E11: =E10+C11-D11 -> 356
A12: 43223 | B12: WIKA-TRANS CIBUBUR | D12: 30 | E12: =E11+C12-D12 -> 326
A13: 43285 | B13: TBP-MEIKARTA | D13: 126 | E13: =E12+C13-D13 -> 200 | F13: COCOK
A14: 22/5/2018 | B14: TBP-MEIKARTA | D14: 38 | E14: =E13+C14-D14 -> 162 | F14: COCOK

Sheet LEDGER 1219
A2: NAMA BARANG : LEDGER 1219
A4: TGL | B4: NAMA PT-PROYEK | C4: MASUK | D4: KELUAR | E4: SISA | F4: KETERANGAN
B5: SISA ALAT 2017 | E5: 6801
A6: 16/1/2017 | B6: INNOTECH SYSTEMS | C6: 617 | E6: =E5+C6-D6 -> 7418
A7: 20/1/2018 | B7: ACSET-MCC-GDNG CIKOKOL | C7: 21 | E7: =E6+C7-D7 -> 7439
A8: 26/1/2018 | B8: INNOTECH SYSTEMS | C8: 201 | E8: =E7+C8-D8 -> 7640
A9: 31/1/2018 | B9: ACSET-MCC | C9: 1 | E9: =E8+C9-D9 -> 7641
A10: 24/2/2018 | B10: ACSET-THAMRIN 9 | C10: 440 | E10: =E9+C10-D10 -> 8081
A11: 27/2/2018 | B11: WIKA-TRANS CIBUBUR | D11: 350 | E11: =E10+C11-D11 -> 7731
A12: 43103 | B12: WIKA-TAMAN SARI | D12: 250 | E12: =E11+C12-D12 -> 7481
A13: 43162 | B13: WIKA-TRANS CIBUBUR | D13: 200 | E13: =E12+C13-D13 -> 7281
A14: 43223 | B14: WIKA-TRANS CIBUBUR | D14: 400 | E14: =E13+C14-D14 -> 6881
A15: 43284 | B15: ACSET-THAMRIN 9 | C15: 152 | E15: =E14+C15-D15 -> 7033
A16: 19/3/2018 | B16: ACSET-THAMRIN 9 | C16: 105 | E16: =E15+C16-D16 -> 7138
A17: 22/3/2018 | B17: ACSET MCC | C17: 2 | E17: =E16+'LEDGER 1219'!C17-D17 -> 7140 | F17: COCOK
A18: 28/3/2018 | B18: ACSET-THAMRIN 9 | C18: 78 | E18: =E17+'LEDGER 1219'!C18-D18 -> 7218
A19: 43316 | B19: TAKENAKA-ASAHI MAS | D19: 300 | E19: =E18+'LEDGER 1219'!C19-D19 -> 6918
A20: 43347 | B20: TAKENAKA-ASAHI MAS | D20: 100 | E20: =E19+'LEDGER 1219'!C20-D20 -> 6818
A21: 43377 | B21: TAKENAKA-ASAHI MAS | D21: 220 | E21: =E20+'LEDGER 1219'!C21-D21 -> 6598
A22: 43377 | B22: TBP-MEIKARTA | D22: 300 | E22: =E21+'LEDGER 1219'!C22-D22 -> 6298
A23: 43408 | B23: TBP-MEIKARTA | D23: 800 | E23: =E22+'LEDGER 1219'!C23-D23 -> 5498
A24: 43408 | B24: TAKENAKA-ASAHI MAS | D24: 220 | E24: =E23+'LEDGER 1219'!C24-D24 -> 5278
A25: 43438 | B25: TAKENAKA-ASAHI MAS | D25: 200 | E25: =E24+'LEDGER 1219'!C25-D25 -> 5078
A26: 43438 | B26: TBP-MEIKARTA | D26: 20 | E26: =E25+'LEDGER 1219'!C26-D26 -> 5058
A27: 14/4/2018 | B27: TBP-MEIKARTA | D27: 387 | E27: =E26+'LEDGER 1219'!C27-D27 -> 4671
A28: 14/4/2018 | B28: TAKENAKA-ASAHI MAS | D28: 700 | E28: =E27+'LEDGER 1219'!C28-D28 -> 3971
A29: 18/4/2018 | B29: TAKENAKA-ASAHI | D29: 500 | E29: =E28+'LEDGER 1219'!C29-D29 -> 3471
A30: 19/4/2018 | B30: TBP-MEIKARTA | D30: 450 | E30: =E29+'LEDGER 1219'!C30-D30 -> 3021
A31: 24/4/2018 | B31: TAKENAKA-ASAHI | D31: 500 | E31: =E30+'LEDGER 1219'!C31-D31 -> 2521 | F31: COCOK
A32: 25/4/2018 | B32: TBP-MEIKARTA | D32: 350 | E32: =E31+'LEDGER 1219'!C32-D32 -> 2171 | F32: COCOK
A33: 28/4/2018 | B33: ACSET-THAMRIN 9 | C33: 169 | E33: =E32+'LEDGER 1219'!C33-D33 -> 2340
A34: 28/4/2018 | B34: TAKENAKA-ASAHIMAS | D34: 800 | E34: =E33+'LEDGER 1219'!C34-D34 -> 1540
A35: 43105 | B35: TBP-MEIKARTA | D35: 350 | E35: =E34+'LEDGER 1219'!C35-D35 -> 1190 | F35: COCOK
A36: 43136 | B36: TBP-MEIKARTA | D36: 165 | E36: =E35+'LEDGER 1219'!C36-D36 -> 1025 | F36: COCOK
A37: 43164 | B37: IMP | C37: 300 | E37: =E36+'LEDGER 1219'!C37-D37 -> 1325
A38: 43164 | B38: TAKENAKA-ASAHIMAS | D38: 600 | E38: =E37+'LEDGER 1219'!C38-D38 -> 725
A39: 43164 | B39: IMP ( UNTUK DI SERVICE) | D39: 86 | E39: =E38+'LEDGER 1219'!C39-D39 -> 639
A40: 43195 | B40: IMP | C40: 300 | E40: =E39+'LEDGER 1219'!C40-D40 -> 939 | F40: COCOK
A41: 43225 | B41: TAKENAKA-ASAHIMAS | D41: 300 | E41: =E40+'LEDGER 1219'!C41-D41 -> 639
A42: 43225 | B42: TAKENAKA-ASAHIMAS | D42: 115 | E42: =E41+'LEDGER 1219'!C42-D42 -> 524 | F42: COCOK
A43: 43286 | B43: IMP-SEVICE | C43: 86 | E43: =E42+'LEDGER 1219'!C43-D43 -> 610 | F43: COCOK
A44: 17/5/2018 | B44: ACSET-THAMRIN 9 | C44: 289 | E44: =E43+'LEDGER 1219'!C44-D44 -> 899 | F44: COCOK
A45: 18/5/2018 | B45: IMP | C45: 200 | E45: =E44+'LEDGER 1219'!C45-D45 -> 1099
A46: 18/5/2018 | B46: TBP-MEIKARTA | D46: 300 | E46: =E45+'LEDGER 1219'!C46-D46 -> 799 | F46: COCOK
A47: 19/5/2018 | B47: TBP-MEIKARTA | D47: 200 | E47: =E46+'LEDGER 1219'!C47-D47 -> 599
A48: 19/5/2018 | B48: TBP-MEIKARTA | D48: 140 | E48: =E47+'LEDGER 1219'!C48-D48 -> 459
A49: 22/5/2018 | B49: TBP-MEIKARTA | D49: 31 | E49: =E48+'LEDGER 1219'!C49-D49 -> 428 | F49: COCOK
A50: 30/5/2018 | B50: ACSET-THAMRIN 9 | C50: 60 | E50: =E49+'LEDGER 1219'!C50-D50 -> 488 | F50: COCOK

Sheet LEDGER 0915M
A2: NAMA BARANG : LEDGER 0915
A4: TGL | B4: NAMA PT-PROYEK | C4: MASUK | D4: KELUAR | E4: SISA | F4: KETERANGAN
B5: SISA ALAT 2017 | E5: 440
A6: 20/1/2018 | B6: ACSET-MCC-GDNG CIKOKOL | C6: 16 | E6: =E5+C6-D6 -> 456
A7: 31/1/2018 | B7: ACSET-MCC | C7: 2 | E7: =E6+C7-D7 -> 458
A8: 24/2/2018 | B8: ACSET-THAMRIN 9 | C8: 2 | E8: =E7+C8-D8 -> 460
A9: 43103 | B9: WIKA-TAMAN SARI | D9: 140 | E9: =E8+C9-D9 -> 320
A10: 43134 | B10: WIKA-TRANS CIBUBUR | D10: 110 | E10: =E9+C10-D10 -> 210
A11: 43284 | B11: ACSET-THAMRIN 9 | C11: 37 | E11: =E10+C11-D11 -> 247
A12: 19/3/2018 | B12: ACSET-THAMRIN 9 | C12: 17 | E12: =E11+C12-D12 -> 264
A13: 22/3/2018 | B13: ACSET-MCC | C13: 1 | E13: =E12+C13-D13 -> 265
A14: 28/3/2018 | B14: ACSET-THAMRIN 9 | C14: 13 | E14: =E13+C14-D14 -> 278
A15: 43347 | B15: WIKA-TAMAN SARI | C15: 250 | E15: =E14+C15-D15 -> 528
A16: 18/4/2018 | B16: TAKENAKA-ASAHI | D16: 400 | E16: =E15+C16-D16 -> 128 | F16: COCOK
A17: 28/4/2018 | B17: ACSET-THAMRIN 9 | C17: 32 | E17: =E16+C17-D17 -> 160 | F17: COCOK
A18: 17/5/2018 | B18: ACSET-THAMRIN 9 | C18: 7 | E18: =E17+C18-D18 -> 167 | F18: COCOK
A19: 30/5/2018 | B19: ACSET-THAMRIN 9 | C19: 6 | E19: =E18+C19-D19 -> 173 | F19: COCOK

Sheet SIKU 40-4
A1: NAMA BARANG : BESI SIKU 40/4 F
A3: TGL | B3: KETERANGAN | C3: MASUK | D3: KELUAR | E3: SISA
B4: SISA ALAT 2017 | E4: 200

Sheet SBB
A1: NAMA BARANG : SIDE BEAM
A3: TGL | B3: KETERANGAN | C3: MASUK | D3: KELUAR | E3: SISA | F3: KETERANGAN
B4: SISA ALAT 2017 | E4: 2426

Sheet SIKU-SBB 55X50
A2: NAMA BARANG : SBB - 55X50
A4: TGL | B4: KETERANGAN | C4: MASUK | D4: KELUAR | E4: SISA | F4: KETERANGAN
B5: SISA STOK 2017 | E5: 249
A6: 43132 | B6: ACSET-MCC | C6: 3 | E6: =E5+C6-D6 -> 252 | F6: COCOK
A7: 29/1/2018 | B7: ACSET-MCC | C7: 6 | E7: =E6+C7-D7 -> 258 | F7: COCOK

Sheet SBB-55X55
A1: NAMA BARANG : SBB- SIKU 55X55
A3: TGL | B3: KETERANGAN | C3: MASUK | D3: KELUAR | E3: SISA
B4: STOK ALAT 2017 | E4: 0
A5: 26/5/2018 | B5: TBP-MEIKARTA | D5: 8 | E5: 0

Sheet SIKU-SBB 50X50
A1: NAMA BARANG : SBB - 50X50
A3: TGL | B3: KETERANGAN | C3: MASUK | D3: KELUAR | E3: SISA | F3: KETERANGAN
A4: 42619 | B4: Jagat-Job Tomang | C4: 3 | E4: 3
A5: 26/8/2016 | B5: Jagat-Job Tomang | C5: 1 | E5: =E4+C5-D5 -> 4
A6: 24/11/16 | B6: HOR-MERUYA | D6: 100 | E6: 0
A7: 42625 | B7: HOR-MERUYA | D7: 32 | E7: 0
A8: 14/12/16 | B8: HOR-MERUYA | D8: 50 | E8: 0
A9: 14/12/16 | B9: PANCA MITRA-TOTO81 | D9: 30 | E9: 0
A10: 15/12/16 | B10: Panca Mitra-TOTO-81 SLIPI | D10: 150 | E10: 0
A11: 16/12/16 | B11: HOR-MERUYA | D11: 110 | E11: 0
A12: 17/12/16 | B12: IMP | C12: 42 | E12: =E11+C12-D12 -> 42
A13: 19/12/16 | B13: IMP | C13: 118 | E13: =E12+C13-D13 -> 160
A14: 19/12/16 | B14: HOR-MERUYA | D14: 40 | E14: =E13+C14-D14 -> 120
A15: 20/12/16 | B15: IMP | C15: 120 | E15: =E14+C15-D15 -> 240
A16: 20/12/16 | B16: HOR-MERUYA | D16: 230 | E16: =E15+C16-D16 -> 10
A17: 21/12/2016 | B17: IMP | C17: 170 | E17: =E16+C17-D17 -> 180
A18: 22/12/16 | B18: IMP | C18: 50 | E18: =E17+C18-D18 -> 230
A19: 22/12/16 | B19: HOR-MERUYA | D19: 40 | E19: =E18+C19-D19 -> 190
A20: 23/12/16 | B20: PANCAMITRA-TOTO 81 SLIPI | D20: 90 | E20: =E19+C20-D20 -> 100
A21: 23/12/16 | B21: HOR-MERUYA | D21: 50 | E21: =E20+C21-D21 -> 50
A22: 24/12/16 | B22: PANCAMITRA-TOTO 81 SLIPI | D22: 72 | E22: 0
B23: SISA STOK 2017 | E23: 811
A24: 43284 | B24: WIKA-TRANS CIBUBUR | D24: 483 | E24: =E23+C24-D24 -> 328
A25: 43315 | B25: PMI-TOTO | C25: 6 | E25: =E24+C25-D25 -> 334
A26: 14/5/2018 | B26: WIKA-JAYA.PASAR SENEN | D26: 27 | E26: =E25+C26-D26 -> 307
A27: 21/5/2018 | B27: WIKA-PS.SENIN | D27: 6 | E27: =E26+C27-D27 -> 301
A28: 26/5/2018 | B28: TBP-MEIKARTA | D28: 7 | E28: =E27+C28-D28 -> 294 | F28: cocok

Sheet SIKU-SBB 40X40X3
A1: NAMA BARANG : SIDE BEAM BRACKET 40x40X3
A3: TGL | B3: KETERANGAN | C3: MASUK | D3: KELUAR | E3: SISA | F3: KETERANGAN
B4: SISA STOK 2017 | E4: 0

Sheet SIKU-SBB 40X40X6
A2: NAMA BARANG : SIDE BEAM BRACKET 40x40X40X6
A4: TGL | B4: KETERANGAN | C4: MASUK | D4: KELUAR | E4: SISA | F4: KETERANGAN
B5: SISA ALAT 2017 | E5: 23

Sheet SIKU-SBB45X50
A1: NAMA BARANG : SIKU- 45X50
A3: TGL | B3: KETERANGAN | C3: MASUK | D3: KELUAR | E3: SISA | F3: KETERANGAN
B4: SISA STOK 2017 | E4: 0
A5: 17/1/2018 | B5: PMI-TOTO | C5: 134 | E5: 134 | F5: COCOK
A6: 43284 | B6: WIKA-TRANS CIBUBUR | D6: 170 | E6: 0
A7: 43315 | B7: PANCAMITRA-TOTO | C7: 30 | E7: 30 | F7: COCOK
A8: 14/5/2018 | B8: WIKA-JAYA.PASAR SENEN | D8: 4 | E8: =E7+C8-D8 -> 26
A9: 24/5/2018 | B9: TBP-MEIKARTA | D9: 70

Sheet SBB-60X55
A1: NAMA BARANG : SBB - 60X65
A3: TGL | B3: KETERANGAN | C3: MASUK | D3: KELUAR | E3: SISA | F3: KETERANGAN
A4: 19/8/16 | B4: Jagat Office-BEKASI | D4: 20 | E4: 0
A5: 16/9/16 | B5: JAGAT BEKASI | C5: 2 | E5: =E4+C5-D5 -> 2
A6: 42653 | B6: SPRING LAKE BEKASI | C6: 9 | E6: =E5+C6-D6 -> 11
A7: 42714 | B7: SPRING LAKE BEKASI | C7: 5 | E7: =E6+C7-D7 -> 16
A8: 16/10/16 | B8: SPRING LAKE BEKASI | C8: 1 | E8: =E7+C8-D8 -> 17
A9: 25/11/16 | B9: HOR-MERUYA | D9: 10 | E9: =E8+C9-D9 -> 7
A10: 23/12/16 | B10: IMP | C10: 85 | E10: =E9+C10-D10 -> 92
A11: 24/12/16 | B11: IMP | C11: 65 | E11: =E10+C11-D11 -> 157
A12: 24/12/16 | B12: PANCAMITRA-TOTO 81 SLIPI | D12: 85 | E12: =E11+C12-D12 -> 72
A13: 26/12/16 | B13: IMP | C13: 50 | E13: =E12+C13-D13 -> 122
B14: SISA STOK 2017
A15: 26/5/2018 | B15: TBP-MEIKARTA | D15: 37

Sheet SIKU-SBB 60X65
A1: NAMA BARANG : SBB - 60X65
A3: TGL | B3: KETERANGAN | C3: MASUK | D3: KELUAR | E3: SISA | F3: KETERANGAN
A4: 19/8/16 | B4: Jagat Office-BEKASI | D4: 20 | E4: 0
A5: 16/9/16 | B5: JAGAT BEKASI | C5: 2 | E5: =E4+C5-D5 -> 2
A6: 42653 | B6: SPRING LAKE BEKASI | C6: 9 | E6: =E5+C6-D6 -> 11
A7: 42714 | B7: SPRING LAKE BEKASI | C7: 5 | E7: =E6+C7-D7 -> 16
A8: 16/10/16 | B8: SPRING LAKE BEKASI | C8: 1 | E8: =E7+C8-D8 -> 17
A9: 25/11/16 | B9: HOR-MERUYA | D9: 10 | E9: =E8+C9-D9 -> 7
A10: 23/12/16 | B10: IMP | C10: 85 | E10: =E9+C10-D10 -> 92
A11: 24/12/16 | B11: IMP | C11: 65 | E11: =E10+C11-D11 -> 157
A12: 24/12/16 | B12: PANCAMITRA-TOTO 81 SLIPI | D12: 85 | E12: =E11+C12-D12 -> 72
A13: 26/12/16 | B13: IMP | C13: 50 | E13: =E12+C13-D13 -> 122
B14: SISA STOK 2017 | E14: 29

Sheet SIKU-SBB 60X60
A1: NAMA BARANG : SBB - 60X60
A3: TGL | B3: KETERANGAN | C3: MASUK | D3: KELUAR | E3: SISA | F3: KETERANGAN
A4: 19/8/16 | B4: Jagat Office-BEKASI | D4: 20 | E4: 0
A5: 16/9/16 | B5: JAGAT BEKASI | C5: 2 | E5: =E4+C5-D5 -> 2
A6: 42653 | B6: SPRING LAKE BEKASI | C6: 9 | E6: =E5+C6-D6 -> 11
A7: 42714 | B7: SPRING LAKE BEKASI | C7: 5 | E7: =E6+C7-D7 -> 16
A8: 16/10/16 | B8: SPRING LAKE BEKASI | C8: 1 | E8: =E7+C8-D8 -> 17
A9: 23/12/16 | B9: IMP | C9: 85 | E9: =E8+C9-D9 -> 102
A10: 24/12/16 | B10: IMP | C10: 65 | E10: =E9+C10-D10 -> 167
A11: 24/12/16 | B11: PANCAMITRA-TOTO 81 SLIPI | D11: 85 | E11: =E10+C11-D11 -> 82
A12: 26/12/16 | B12: IMP | C12: 50 | E12: =E11+C12-D12 -> 132
A13: 26/12/16 | B13: HOR-MERUYA | D13: 60 | E13: =E12+C13-D13 -> 72
B14: SISA ALAT 2017 | E14: 836
A15: 42981 | B15: WIKA-TRANS | D15: 400 | E15: =E14+C15-D15 -> 436 | F15: COCOK
A16: 43286 | B16: TBP-MEIKARTA | D16: 2 | E16: =E15+C16-D16 -> 434
A17: 43317 | B17: TAKENAKA-ASAHIMAS | D17: 2 | E17: =E16+C17-D17 -> 432
A18: 43378 | B18: TBP-MEIKARTA | D18: 58 | E18: =E17+C18-D18 -> 374
A19: 43409 | B19: TAKENAKA-ASAHI MAS | D19: 200 | E19: =E18+C19-D19 -> 174
A20: 43439 | B20: TAKENAKA-ASAHI | D20: 40 | E20: =E19+C20-D20 -> 134 | F20: COCOK
A21: 17/5/2018 | B21: TBP-SQUISE SUDIRMAN | D21: 130 | E21: =E20+C21-D21 -> 4 | F21: COCOK
A22: 18/5/2018 | B22: TAKENAKA-ASAHI MAS | D22: 40 | E22: 0

Sheet SIKU-SBB 30X30
A1: NAMA BARANG | C1: ; SIDE BEAM BRACKET 30X30
A3: TGL | B3: KETERANGAN | C3: MASUK | D3: KELUAR | E3: SISA | F3: KETERANGAN
B4: SISA ALAT 2017 | E4: 8

Sheet SIKU-SBB 35X35
A1: NAMA BARANG | C1: ; SIDE BEAM BRACKET 35X35
A3: TGL | B3: KETERANGAN | C3: MASUK | D3: KELUAR | E3: SISA | F3: KETERANGAN
A4: 28/11/16 | B4: HOR-MERUYA | D4: 150
A5: 20/12/16 | B5: HOR-MERUYA | D5: 100
A6: 23/12/16 | B6: HOR-MERUYA | D6: 50
B7: SISA STOK 2017 | E7: 291

Sheet SIKU-SBB 30X35
A1: NAMA BARANG | C1: ; SIDE BEAM BRACKET 30X35
A3: TGL | B3: KETERANGAN | C3: MASUK | D3: KELUAR | E3: SISA | F3: KETERANGAN
B4: SISA ALAT 2017 | E4: 101
A5: 21/5/2018 | B5: WIKA-PS.SENIN | D5: 83 | E5: =E4+C5-D5 -> 18

Sheet SIKU-SBB 45X45
A1: NAMA BARANG | C1: ; SIDE BEAM BRACKET 45/45
A3: TGL | B3: KETERANGAN | C3: MASUK | D3: KELUAR | E3: SISA | F3: KETERANGAN
A4: 25/9/2015 | B4: Imp | C4: 150 | E4: =C4-D4 -> 150
A5: 26/9/2015 | B5: Imp | C5: 110 | E5: =E4+C5-D5 -> 260
A6: 26/9/2015 | B6: Indonakano-Sanko | D6: 110 | E6: =E5+C6-D6 -> 150
A7: 19/11/2015 | B7: Indonakano-Sanko | C7: 11 | E7: =E6+C7-D7 -> 161
A8: 19/12/2015 | B8: Indonakano-Sanko | C8: 14 | E8: =E7+C8-D8 -> 175
A9: 22/12/2015 | B9: Indonakano-Sanko | C9: 11 | E9: =E8+C9-D9 -> 186
A10: 23/12/2015 | B10: Indonakano-Sanko | C10: 7 | E10: =E9+C10-D10 -> 193
A11: 28/12/2015 | B11: Indonakano-Sanko | C11: 7 | E11: =E10+C11-D11 -> 200
A12: 42461 | B12: Indonakano-Sanko | C12: 21 | E12: =E11+C12-D12 -> 221
A13: 42552 | B13: Indonakano-Sanko | C13: 13 | E13: =E12+C13-D13 -> 234
A14: 42583 | B14: Indonakano-Sanko | C14: 9 | E14: =E13+C14-D14 -> 243
A15: 15/1/16 | B15: Indonakano-Sanko | C15: 3 | E15: =E14+C15-D15 -> 246
A16: 42373 | B16: JAGAT-OFFICE-TOMANG | D16: 25 | E16: =E15+C16-D16 -> 221
A17: 42525 | B17: JAGAT-OFFICE-TOMANG | D17: 28 | E17: =E16+C17-D17 -> 193
A18: 16/4/16 | B18: JAGAT OFFICE | D18: 100 | E18: =E17+C18-D18 -> 93
A19: 22/4/16 | B19: JAGAT OFFICE-TOMANG | D19: 100 | E19: 0
A20: 29/6/16 | B20: PT.JAGAT OFFICE | C20: 12 | E20: =E19+C20-D20 -> 12
A21: 42437 | B21: JAGAT-TOMANG | C21: 28 | E21: =E20+C21-D21 -> 40
A22: 42590 | B22: PT. JAGAT TOMANG | C22: 11 | E22: =E21+C22-D22 -> 51
A23: 42651 | B23: JAGAT BEKASI - SPRING LAKE | D23: 60 | E23: 0
A24: 19/8/16 | B24: Jagat Office-BEKASI | D24: 65 | E24: 0
A25: 19/8/16 | B25: PT. JAGAT TOMANG | C25: 17 | E25: =E24+C25-D25 -> 17
A26: 24/8/16 | B26: Jagat Office | C26: 16 | E26: =E25+C26-D26 -> 33
A27: 26/8/16 | B27: Jagat Office | C27: 5 | E27: =E26+C27-D27 -> 38
A28: 27/8/16 | B28: Jagat Office-TOMANG | C28: 18 | E28: =E27+C28-D28 -> 56
A29: 27/8/16 | B29: Jagat Office-TOMANG | C29: 20 | E29: =E28+C29-D29 -> 76
A30: 29/8/16 | B30: Jagat Office-TOMANG | C30: 1 | E30: =E29+C30-D30 -> 77
A31: 30/8/16 | B31: Jagat Office-TOMANG | C31: 10 | E31: =E30+C31-D31 -> 87
A32: 31/8/16 | B32: JAGAT-TOMANG | C32: 1 | E32: =E31+C32-D32 -> 88
A33: 42378 | B33: JAGAT-TOMANG | C33: 6 | E33: =E32+C33-D33 -> 94
A34: 42622 | B34: PANCA MITRA | D34: 2 | E34: =E33+C34-D34 -> 92
A35: 42622 | B35: Jagat Office-BEKASI | C35: 3 | E35: =E34+C35-D35 -> 95
A36: 15/9/16 | B36: Jagat Office-TOMANG | C36: 9 | E36: =E35+C36-D36 -> 104
A37: 16/9/16 | B37: JAGAT BEKASI | C37: 5 | E37: =E36+C37-D37 -> 109
A38: 42439 | B38: JAGAT BEKASI | C38: 9 | E38: =E37+C38-D38 -> 118
A39: 42592 | B39: JAGAT BEKASI | C39: 26 | E39: =E38+C39-D39 -> 144
A40: 42653 | B40: SPRING LAKE BEKASI | C40: 44 | E40: =E39+C40-D40 -> 188
A41: 18/10/16 | B41: SPRING LAKE BEKASI | C41: 24 | E41: =E40+C41-D41 -> 212
A42: 25/10/16 | B42: PANCA MITRA - TOTO 81 | D42: 4 | E42: =E41+C42-D42 -> 208
B43: SISA STOK 2017 | E43: 323
A44: 43284 | B44: WIKA-TRANS CIBUBUR | D44: 162 | E44: =E43+C44-D44 -> 161 | F44: cocok
A45: 43315 | B45: PANCAMITRA-TOTO | C45: 12 | E45: =E44+C45-D45 -> 173 | F45: cocok
A46: 14/5/2018 | B46: WIKA-JAYA.PASAR SENEN | D46: 36 | E46: =E45+C46-D46 -> 137 | F46: cocok

Sheet SBB.70X50
A1: NAMA BARANG | C1: ; SIDE BEAM BRACKET 70/50
A3: TGL | B3: KETERANGAN | C3: MASUK | D3: KELUAR | E3: SISA | F3: KETERANGAN
A4: 14/5/2018 | B4: TBP-MEIKARTA | D4: 42 | E4: 0

Sheet SIKU-SBB 70X70
A1: NAMA BARANG | C1: ; SIDE BEAM BRACKET 70/70
A3: TGL | B3: KETERANGAN | C3: MASUK | D3: KELUAR | E3: SISA | F3: KETERANGAN
A4: 15/4/16 | B4: IMP | C4: 40 | E4: 40
A5: 20/4/16 | B5: JAGAT OFFICE-TOMANG | D5: 40 | E5: =E4+C5-D5 -> 0
A6: 13/6/16 | B6: JAGAT OFFICE-TOMANG | C6: 2 | E6: =E5+C6-D6 -> 2
A7: 29/6/16 | B7: PT.JAGAT OFFICE | C7: 1 | E7: =E6+C7-D7 -> 3
A8: 18/10/16 | B8: SPRING LAKE BEKASI | C8: 2 | E8: =E7+C8-D8 -> 5
B9: SISA STOK 2017 | E9: 23
A10: 13/5/2018 | B10: TBP-MEIKARTA | D10: 66 | E10: 0
A11: 14/5/2018 | B11: TBP-MEIKARTA | D11: 93 | E11: 0
A12: 16/5/2018 | B12: TBP-MEIKARTA | D12: 30 | E12: 0
A13: 19/5/2018 | B13: TBP-MEIKARTA | D13: 53 | E13: 0

Sheet SIKU-SBB75X75
A1: NAMA BARANG | C1: ; SIDE BEAM BRACKET 75/75
A3: TGL | B3: KETERANGAN | C3: MASUK | D3: KELUAR | E3: SISA | F3: KETERANGAN
A4: 15/4/2016 | B4: Imp | C4: 40 | E4: =C4-D4 -> 40
A5: 18/8/16 | B5: PPA-Tomang | C5: 1 | E5: =E4+C5-D5 -> 41
A6: 19/8/16 | B6: PPA-Tomang | C6: 3 | E6: =E5+C6-D6 -> 44
A7: 26/8/16 | B7: PPA-Tomang | C7: 14 | E7: =E6+C7-D7 -> 58
A8: 27/8/16 | B8: JAGAT-TOMANG | C8: 17 | E8: =E7+C8-D8 -> 75
A9: 29/8/16 | B9: IMP | C9: 40 | E9: =E8+C9-D9 -> 115
A10: 29/8/16 | B10: JAGAT - BEKASI 40+34 | D10: 74 | E10: =E9+C10-D10 -> 41
A11: 29/8/16 | B11: Jagat Office-TOMANG | C11: 1 | E11: =E10+C11-D11 -> 42
A12: 42438 | B12: IMP | C12: 160 | E12: =E11+C12-D12 -> 202
A13: 42438 | B13: JAGAT-BEKASI | D13: 160 | E13: =E12+C13-D13 -> 42
A14: 42560 | B14: JAGAT-BEKASI | C14: 77 | E14: =E13+C14-D14 -> 119
A15: 42591 | B15: Jagat-Springlake | C15: 42 | E15: =E14+C15-D15 -> 161
A16: 42622 | B16: Jagat Office-BEKASI | C16: 89 | E16: =E15+C16-D16 -> 250
A17: 15/9/16 | B17: Jagat Office-TOMANG | C17: 2 | E17: =E16+C17-D17 -> 252
A18: 16/9/16 | B18: JAGAT BEKASI | C18: 6 | E18: =E17+C18-D18 -> 258
A19: 24/9/16 | B19: JAGAT BEKASI | C19: 3 | E19: =E18+C19-D19 -> 261
A20: 42592 | B20: JAGAT BEKASI | C20: 3 | E20: =E19+C20-D20 -> 264
A21: 42653 | B21: SPRING LAKE BEKASI | C21: 2 | E21: =E20+C21-D21 -> 266
A22: 16/10/16 | B22: SPRING LAKE BEKASI | C22: 9 | E22: =E21+C22-D22 -> 275
B23: SISA STOK 2017 | E23: 252

Sheet SBB-40X50
A1: NAMA BARANG | C1: ; SIDE BEAM BRACKET 40/50
A3: TGL | B3: KETERANGAN | C3: MASUK | D3: KELUAR | E3: SISA | F3: KETERANGAN
A4: 24/5/2018 | B4: TBP-MEIKARTA | D4: 70 | E4: 0
A5: 26/5/2018 | B5: TBP-MEIKARTA | D5: 78

Sheet SIKU-SBB 40X45
A1: NAMA BARANG | C1: ; SIDE BEAM BRACKET 40/45
A3: TGL | B3: KETERANGAN | C3: MASUK | D3: KELUAR | E3: SISA | F3: KETERANGAN
A4: 42347 | B4: Indonakano-Sanko | D4: 1 | E4: 0
A5: 18/9/2015 | B5: Imp | C5: 85 | E5: =E4+C5-D5 -> 85
A6: 18/9/2015 | B6: Indonakano-Sanko | D6: 85 | E6: =E5+C6-D6 -> 0
A7: 19/9/2015 | B7: Imp | C7: 50 | E7: =E6+C7-D7 -> 50
A8: 19/9/2015 | B8: Indonakano-Sanko | D8: 50 | E8: =E7+C8-D8 -> 0
A9: 21/9/2015 | B9: Imp | C9: 115 | E9: =E8+C9-D9 -> 115
A10: 21/9/2015 | B10: Indonakano-Sanko | D10: 115 | E10: =E9+C10-D10 -> 0
A11: 22/9/2015 | B11: Imp | C11: 120 | E11: =E10+C11-D11 -> 120
A12: 23/9/2015 | B12: Imp | C12: 200 | E12: =E11+C12-D12 -> 320
A13: 25/9/2015 | B13: Imp | C13: 50 | E13: =E12+C13-D13 -> 370
A14: 26/9/2015 | B14: Indonakano-Sanko | D14: 320 | E14: =E13+C14-D14 -> 50
A15: 42165 | B15: Indonakano-Sanko | C15: 230 | E15: =E14+C15-D15 -> 280
A16: 22/10/2015 | B16: Indonakano-Sanko | C16: 73 | E16: =E15+C16-D16 -> 353
A17: 19/11/2015 | B17: Indonakano-Sanko | C17: 43 | E17: =E16+C17-D17 -> 396
A18: 14/12/2015 | B18: Indonakano-Sanko | C18: 1 | E18: =E17+C18-D18 -> 397
A19: 19/12/2015 | B19: Indonakano-Sanko | C19: 37 | E19: =E18+C19-D19 -> 434
A20: 22/12/2015 | B20: Indonakano-Sanko | C20: 28 | E20: =E19+C20-D20 -> 462
A21: 23/12/2015 | B21: Indonakano-Sanko | C21: 19 | E21: =E20+C21-D21 -> 481
A22: 42461 | B22: Indonakano-Sanko | C22: 71 | E22: =E21+C22-D22 -> 552
A23: 42552 | B23: Indonakano-Sanko | C23: 36 | E23: =E22+C23-D23 -> 588
A24: 42583 | B24: Indonakano-Sanko | C24: 42 | E24: =E23+C24-D24 -> 630
A25: 13/1/16 | B25: Indonakano-Sanko | C25: 1 | E25: =E24+C25-D25 -> 631
A26: 15/1/16 | B26: Indonakano-Sanko | C26: 10 | E26: =E25+C26-D26 -> 641
A27: 27/3/16 | B27: JAGAT KONSTUKSI-TOMANG | D27: 40 | E27: =E26+C27-D27 -> 601
A28: 31/3/16 | B28: JAGAT OFFCE-TOMANG | D28: 40 | E28: =E27+C28-D28 -> 561
A29: 42373 | B29: JAGAT-OFFICE-TOMANG | D29: 15 | E29: =E28+C29-D29 -> 546
A30: 42525 | B30: JAGAT OFFCE-TOMANG | D30: 106 | E30: =E29+C30-D30 -> 440
A31: 42647 | B31: JAGAT OFFICE | D31: 30 | E31: =E30+C31-D31 -> 410
A32: 42619 | B32: JAGAT OFFICE | C32: 5 | E32: =E31+C32-D32 -> 415
A33: 29/6/16 | B33: PT.JAGAT OFFICE | C33: 27 | E33: =E32+C33-D33 -> 442
A34: 42590 | B34: PT. JAGAT TOMANG | C34: 10 | E34: =E33+C34-D34 -> 452
A35: 18/8/16 | B35: PT. JAGAT TOMANG | C35: 6 | E35: =E34+C35-D35 -> 458
A36: 19/8/16 | B36: Jagat Office-BEKASI | D36: 205 | E36: =E35+C36-D36 -> 253
A37: 19/8/16 | B37: PT. JAGAT TOMANG | C37: 15 | E37: =E36+C37-D37 -> 268
A38: 26/8/16 | B38: PT. JAGAT TOMANG | C38: 3 | E38: =E37+C38-D38 -> 271
A39: 27/8/16 | B39: PT. JAGAT TOMANG | C39: 28 | E39: =E38+C39-D39 -> 299
A40: 30/8/16 | B40: Jagat Office-TOMANG | C40: 21 | E40: =E39+C40-D40 -> 320
A41: 42378 | B41: Jagat Office-TOMANG | C41: 10 | E41: =E40+C41-D41 -> 330
A42: 42622 | B42: Jagat Office-BEKASI | C42: 58 | E42: =E41+C42-D42 -> 388
A43: 42652 | B43: JAGAT - BEKASI | C43: 30 | E43: =E42+C43-D43 -> 418
A44: 15/9/16 | B44: Jagat Office-TOMANG | C44: 23 | E44: =E43+C44-D44 -> 441
A45: 16/9/16 | B45: JAGAT BEKASI | C45: 2 | E45: =E44+C45-D45 -> 443
A46: 42439 | B46: JAGAT BEKASI | C46: 6 | E46: =E45+C46-D46 -> 449
A47: 42592 | B47: JAGAT BEKASI | C47: 19 | E47: =E46+C47-D47 -> 468
A48: 42653 | B48: SPRING LAKE BEKASI | C48: 22 | E48: =E47+C48-D48 -> 490
A49: 42714 | B49: SPRING LAKE BEKASI | C49: 18 | E49: =E48+C49-D49 -> 508
A50: 18/10/16 | B50: SPRING LAKE BEKASI | C50: 7 | E50: =E49+C50-D50 -> 515
A51: 20/10/16 | B51: SPRING LAKE BEKASI | C51: 4 | E51: =E50+C51-D51 -> 519
A52: 21/10/16 | B52: SPRING LAKE BEKASI | C52: 15 | E52: =E51+C52-D52 -> 534
A53: 24/10/16 | B53: SPRING LAKE BEKASI | C53: 7 | E53: =E52+C53-D53 -> 541
A54: 14/12/16 | B54: PPA-IMP GUDANG DADAP | D54: 1 | E54: =E53+C54-D54 -> 540
B55: SISA STOK 2017 | E55: 88
A56: 14/5/2018 | B56: WIKA-JAYA SENEN | D56: 125 | E56: 0
A57: 21/5/2018 | B57: WIKA-PS.SENIN | D57: 25 | E57: 0

Sheet TIE BAR 1M
A1: NAMA BARANG | C1: ; TIE BAR 1 M
A3: TGL | B3: KETERANGAN | C3: MASUK | D3: KELUAR | E3: SISA | F3: KETERANGAN
B4: Sisa stok 2017 | E4: 39

Sheet TIE BAR 1.5M
A1: NAMA BARANG | C1: ; TIE BAR 1,5M
A3: TGL | B3: KETERANGAN | C3: MASUK | D3: KELUAR | E3: SISA | F3: KETERANGAN
B4: SISA STOK 2017 | E4: 1

Sheet TIE BAR 1.2M
A1: NAMA BARANG | C1: ; TIE BAR 120
A3: TGL | B3: KETERANGAN | C3: MASUK | D3: KELUAR | E3: SISA | F3: KETERANGAN
B4: Sisa stok 2017 | E4: 17

Sheet TIE BAR ASSEMBLY 40
A1: NAMA BARANG | C1: ; TIE BAR 40
A3: TGL | B3: KETERANGAN | C3: MASUK | D3: KELUAR | E3: SISA | F3: KETERANGAN
B4: SISA ALAT 2017 | E4: 1786
A5: 43191 | B5: NKE-WCT | D5: 50 | E5: =E4+C5-D5 -> 1736
A6: 26/3/2018 | B6: PMI-MCC (CIKOKOL) | C6: 20 | E6: =E5+C6-D6 -> 1756

Sheet TIE BAR 90
A1: NAMA BARANG | C1: ; TIE BAR 90
A3: TGL | B3: KETERANGAN | C3: MASUK | D3: KELUAR | E3: SISA | F3: KETERANGAN
B4: SISA ALAT 2017 | E4: 28

Sheet TIE BAR 60+WING NUT
A1: NAMA BARANG | C1: ; TIE BAR 60+WING NUT
A3: TGL | B3: KETERANGAN | C3: MASUK | D3: KELUAR | E3: SISA | F3: KETERANGAN
B4: SISA ALAT 2017 | E4: 78

Sheet TIE BAR 60
A1: NAMA BARANG | C1: ; TIE BAR 60
A3: TGL | B3: KETERANGAN | C3: MASUK | D3: KELUAR | E3: SISA | F3: KETERANGAN
B4: SISA ALAT 2017 | E4: 818
A5: 43191 | B5: NKE-WCT | D5: 450 | E5: =E4+C5-D5 -> 368
A6: 13/1/2018 | B6: PMI-TOTO | C6: 19 | E6: =E5+C6-D6 -> 387
A7: 15/1/2018 | B7: ACSET-MCC | C7: 100 | E7: =E6+C7-D7 -> 487
A8: 29/1/2018 | B8: ACSET-MCC | C8: 50 | E8: =E7+C8-D8 -> 537
A9: 13/2/2018 | B9: ACSET-MCC | C9: 10 | E9: =E8+C9-D9 -> 547
A10: 19/2/2018 | B10: PMI-TOTO | C10: 103 | E10: =E9+C10-D10 -> 650
A11: 43315 | B11: PANCAMITRA-TOTO | C11: 121 | E11: =E10+C11-D11 -> 771
A12: 22/3/2018 | B12: PANCAMITRA-TOTO | C12: 3 | E12: =E11+C12-D12 -> 774 | F12: COCOK
A13: 43286 | B13: TBP-MEIKARTA | D13: 2 | E13: =E12+C13-D13 -> 772
A14: 43317 | B14: TAKENAKA-ASAHIMAS | D14: 2 | E14: =E13+C14-D14 -> 770
A15: 43378 | B15: TBP-MEIKARTA | D15: 58 | E15: =E14+C15-D15 -> 712
A16: 43409 | B16: TAKENAKA-ASAHI MAS | D16: 200 | E16: =E15+C16-D16 -> 512
A17: 43439 | B17: TAKENAKA-ASAHI | D17: 40 | E17: =E16+C17-D17 -> 472
A18: 13/5/2018 | B18: TBP-MEIKARTA | D18: 66 | E18: =E17+C18-D18 -> 406
A19: 14/5/2018 | B19: TBP-MEIKARTA | D19: 135 | E19: =E18+C19-D19 -> 271 | F19: COCOK
A20: 16/5/2018 | B20: TBP-MEIKARTA | D20: 30 | E20: =E19+C20-D20 -> 241 | F20: COCOK
A21: 19/5/2018 | B21: TBP-MEIKARTA | D21: 53 | E21: =E20+C21-D21 -> 188 | F21: COCOK
A22: 24/5/2018 | B22: TBP-MEIKARTA | D22: 50 | E22: =E21+C22-D22 -> 138 | F22: COCOK
A23: 26/5/2018 | B23: TBP-MEIKARTA | D23: 80 | E23: =E22+C23-D23 -> 58 | F23: COCOK

Sheet TIE BAR 50
A1: NAMA BARANG | C1: ; TIE BAR 50
A3: TGL | B3: KETERANGAN | C3: MASUK | D3: KELUAR | E3: SISA | F3: KETERANGAN
B4: SISA ALAT 2017 | E4: 189

Sheet TIE BAR 80
A1: NAMA BARANG | C1: ; TIE BAR 80
A3: TGL | B3: KETERANGAN | C3: MASUK | D3: KELUAR | E3: SISA | F3: KETERANGAN
B5: SISA ALAT 2017 | E5: 140
A6: 15/1/2018 | B6: ACSET-MCC | C6: 20 | E6: =E5+C6-D6 -> 160 | F6: COCOK
A7: 29/1/2018 | B7: ACSET-MCC | C7: 10 | E7: =E6+C7-D7 -> 170 | F7: COCOK
A8: 13/2/2018 | B8: ACSET-MCC | C8: 12 | E8: =E7+C8-D8 -> 182 | F8: COCOK
A9: 24/5/2018 | B9: TBP-MEIKARTA | D9: 20 | E9: =E8+C9-D9 -> 162 | F9: COCOK
A10: 26/5/2018 | B10: TBP-MEIKARTA | D10: 50 | E10: =E9+C10-D10 -> 112 | F10: COCOK

Sheet TIE BAR 70
A1: NAMA BARANG | C1: ; TIE BAR 70
A3: TGL | B3: KETERANGAN | C3: MASUK | D3: KELUAR | E3: SISA | F3: KETERANGAN
B4: SISA ALAT 2017 | E4: 0

Sheet TIE BAR 30
A1: NAMA BARANG | C1: ; TIE BAR 30
A3: TGL | B3: KETERANGAN | C3: MASUK | D3: KELUAR | E3: SISA | F3: KETERANGAN
B4: SISA ALAT 2017 | E4: 1

Sheet TRIGER BRACE 2.75
A2: NAMA BARANG | C2: ; TRIGER BRACE 2,75 OPEN IND
A4: TGL | B4: KETERANGAN | C4: MASUK | D4: KELUAR | E4: SISA | F4: KETERANGAN
B5: SISA ALAT 2017 | E5: 1352
A6: 43285 | B6: TBP-MEIKARTA | D6: 40 | E6: =E5+C6-D6 -> 1312
A7: 18/4/2018 | B7: TBP-MEIKARTA | D7: 120 | E7: =E6+C7-D7 -> 1192 | F7: COCOK

Sheet U-PLATE PCH 8MM
A1: NAMA BARANG | C1: ; U-PLATE PCH 8MM
A3: TGL | B3: KETERANGAN | C3: MASUK | D3: KELUAR | E3: SISA | F3: KETERANGAN
B4: SISA ALAT 2017 | E4: 2324
A5: 19/5/2018 | B5: TBP-MEIKARTA | D5: 300 | E5: =E4+C5-D5 -> 2024
A6: 24/5/2018 | B6: TBP-MEIKARTA | D6: 200 | E6: =E5+C6-D6 -> 1824
A7: 26/5/2018 | B7: TBP-GOP-BSD | C7: 106 | E7: =E6+C7-D7 -> 1930
A8: 30/5/2018 | B8: TBP-GOP-BSD | C8: 241 | E8: =E7+C8-D8 -> 2171
A9: 43226 | B9: TBP-GOP-BSD | C9: 33 | E9: =E8+C9-D9 -> 2204 | F9: COCOK

Sheet UNP80X600
A1: NAMA BARANG : UNP 80X600CM
A3: TGL | B3: KETERANGAN | C3: MASUK | D3: KELUAR | E3: SISA | F3: KETERANGAN
A4: 19/4/16 | B4: IMP | C4: 2 | E4: 2

Sheet UNP100-600CM
A1: NAMA BARANG : UNP 100 600 CM
A3: TGL | B3: KETERANGAN | C3: MASUK | D3: KELUAR | E3: SISA | F3: KETERANGAN
B4: Sisa stok 2017 | E4: 21

Sheet D.P COUPLER
A1: NAMA BARANG | C1: ; DOUBLE PRESSED COUPLER
A3: TGL | B3: KETERANGAN | C3: MASUK | D3: KELUAR | E3: SISA | F3: KETERANGAN
B4: SISA ALAT 2017 | E4: 1776

Sheet VERTICAL BEAM
A2: NAMA BARANG : VERTICAL BEAM
A4: TGL | B4: KETERANGAN | C4: MASUK | D4: KELUAR | E4: SISA | F4: KETERANGAN
B5: SISA ALAT 2017 | E5: 1994

Sheet BRACKET PERYMETER
A2: NAMA BARANG : BRACKET PERYMETER
A4: TGL | B4: KETERANGAN | C4: MASUK | D4: KELUAR | E4: SISA | F4: KETERANGAN
B5: SISA ALAT 2017 | E5: 99

Sheet CANTILEVER 0.915
A2: NAMA BARANG : CANTILEVER (0,915 SILVER)
A4: TGL | B4: KETERANGAN | C4: MASUK | D4: KELUAR | E4: SISA | F4: KETERANGAN
B5: SISA STOK 2017 | E5: 1378
A6: 16/1/2017 | B6: INNOTECH SYSTEMS | C6: 6 | E6: =E5+C6-D6 -> 1384
A7: 30/5/2018 | B7: ACSET-THAMRIN 9 | C7: 7 | E7: =E6+C7-D7 -> 1391 | F7: COCOK

Sheet SURI-SURI 40.60.1.5
A2: NAMA BARANG : SURI-SURI 40.60.1.5M
A4: TGL | B4: KETERANGAN | C4: MASUK | D4: KELUAR | E4: SISA | F4: KETERANGAN
B5: SISA STOK 2017 | E5: 1460
A6: 43132 | B6: ACSET-MCC | C6: 10 | E6: =E5+C6-D6 -> 1470 | F6: COCOK
A7: 43252 | B7: PMI-TOTO | C7: 4 | E7: =E6+C7-D7 -> 1474
A8: 15/1/2018 | B8: ACSET-MCC | C8: 19 | E8: =E7+C8-D8 -> 1493
A9: 16/1/2018 | B9: ACSET-MCC | C9: 23 | E9: =E8+C9-D9 -> 1516 | F9: COCOK
A10: 17/1/2018 | B10: PMI-TOTO(CIKOKOL) | C10: 5 | E10: =E9+C10-D10 -> 1521
A11: 18/1/2018 | B11: ACSET-MCC | C11: 8 | E11: =E10+C11-D11 -> 1529
A12: 19/1/2018 | B12: ACSET-MCC | C12: 5 | E12: =E11+C12-D12 -> 1534
A13: 29/1/2018 | B13: ACSET-MCC | C13: 4 | E13: =E12+C13-D13 -> 1538
A14: 31/1/2018 | B14: ACSET-MCC | C14: 3 | E14: =E13+C14-D14 -> 1541
A15: 43253 | B15: ACSET-MCC | C15: 21 | E15: =E14+C15-D15 -> 1562 | F15: COCOK
A16: 19/2/2018 | B16: PMI-TOTO | C16: 15 | E16: =E15+C16-D16 -> 1577 | F16: COCOK
A17: 43438 | B17: WIKA-PASAR SENEN | D17: 180 | E17: =E16+C17-D17 -> 1397 | F17: COCOK
A18: 17/4/2018 | B18: WIKA GEDUNG-PS SENEN | D18: 20 | E18: =E17+C18-D18 -> 1377
A19: 18/4/2018 | B19: TAKENAKA-ASAHI | D19: 1 | E19: =E18+C19-D19 -> 1376 | F19: COCOK
A20: 19/4/2018 | B20: WIKA GEDUNG-PS.SENEN | D20: 67 | E20: =E19+C20-D20 -> 1309
A21: 19/4/2018 | B21: WIKA GEDUNG-PS.SENEN | D21: 20 | E21: =E20+C21-D21 -> 1289 | F21: COCOK
A22: 21/5/2018 | B22: WIKA GEDUNG - PS.SENEN | D22: 174 | E22: =E21+C22-D22 -> 1115 | F22: COCOK

Sheet SURI-SURI40.60.2
A1: PT.PERANCAH PRO ALAT
A3: NAMA BARANG : SURI-SURI 2M
A5: TGL | B5: KETERANGAN | C5: MASUK | D5: KELUAR | E5: SISA | F5: KETERANGAN
B6: SISA STOK 2017 | E6: 145
A7: 43132 | B7: ACSET-MCC | C7: 5 | E7: =E6+C7-D7 -> 150 | F7: COCOK
A8: 15/1/2018 | B8: ACSET-MCC | C8: 20 | E8: =E7+C8-D8 -> 170
A9: 16/1/2018 | B9: ACSET-MCC | C9: 3 | E9: =E8+C9-D9 -> 173
A10: 19/1/2018 | B10: ACSET-MCC | C10: 5 | E10: =E9+C10-D10 -> 178 | F10: COCOK
A11: 26/1/2018 | B11: PMI-TOTO | C11: 4 | E11: =E10+C11-D11 -> 182 | F11: COCOK
A12: 18/5/2018 | B12: TBP-BENGKULU | D12: 100 | E12: =E11+C12-D12 -> 82 | F12: COCOK

Sheet SURI-SURI 50X10X1.5
A1: PT.PERANCAH PRO ALAT
A3: REKAP STOK ALAT KWIKSTAGE
A4: NAMA ALAT : SURI - SURI 5x10x 1,5M
A6: TGL | B6: KETERANGAN | C6: MASUK | D6: KELUAR | E6: SISA | F6: KETERANGAN
B7: SISA STOK 2017 | E7: 1072
A8: 43191 | B8: NKE - WCT | D8: 258 | E8: =E7+C8-D8 -> 814
A9: 43134 | B9: WIKA-TRANS CIBUBUR | D9: 500 | E9: =E8+C9-D9 -> 314 | F9: COCOK
A10: 26/3/2018 | B10: ACSET-MCC | C10: 8 | E10: =E9+C10-D10 -> 322 | F10: COCOK
A11: 18/4/2018 | B11: TAKENAKA-ASAHI | D11: 1 | E11: =E10+C11-D11 -> 321
A12: 43439 | B12: TAKENAKA-ASAHI | D12: 100 | E12: =E11+C12-D12 -> 221 | F12: COCOK

Sheet SURI-SURI 50x10x2M
A1: PT.PERANCAH PRO ALAT
A3: NAMA BARANG : SURI-SURI 50 X 10 X 2M
A5: TGL | B5: KETERANGAN | C5: MASUK | D5: KELUAR | E5: SISA
B6: SISA ALAT 2017 | E6: 453
A7: 43160 | B7: ALAM JAYA (CONTOH 2) | C7: 46 | E7: =E6+C7-D7 -> 499
A8: 43346 | B8: WIKA-TRANS | D8: 115 | E8: =E7+C8-D8 -> 384 | F8: COCOK
A9: 13/5/2018 | B9: TBP-MEIKARTA | D9: 33 | E9: =E8+C9-D9 -> 351
A10: 16/5/2018 | B10: TBP-MEIKARTA | D10: 81 | E10: =E9+C10-D10 -> 270 | F10: COCOK
A11: 19/5/2018 | B11: TBP-MEIKARTA | D11: 20 | E11: =E10+C11-D11 -> 250 | F11: COCOK

Sheet SURI"2KAYU
A1: PT.PERANCAH PRO ALAT
A3: REKAP STOK ALAT KWIKSTAGE
A4: NAMA ALAT : SURI - SURI 5x10x 2M KAYU
A6: Tgl | B6: Nama PT/Proyek | C6: Masuk | D6: Keluar | E6: Sisa
B7: SISA ALAT 2017 | E7: 224
A8: 43313 | B8: INDONAKANO-PANASONIC GOBEL | C8: 91 | E8: =E7+C8-D8 -> 315
A9: 27/1/2018 | B9: PMI-MCC (CIKOKOL) | C9: 18 | E9: =E8+C9-D9 -> 333
A10: 26/3/2018 | B10: PMI-MCC (CIKOKOL) | C10: 8 | E10: =E9+C10-D10 -> 341
A11: 43378 | B11: TBP-MEIKARTA | D11: 150 | E11: =E10+C11-D11 -> 191 | F11: COCOK

Sheet SURI-SURI KAYU 1.5M
A2: NAMA BARANG : SURI-SURI 1.5M
A4: TGL | B4: KETERANGAN | C4: MASUK | D4: KELUAR | E4: SISA
B5: SISA ALAT 2017 | E5: 2446
A6: 43313 | B6: INDONAKANO-PANASONIC GOBEL | C6: 2 | E6: =E5+C6-D6 -> 2448
A7: 22/2/2018 | B7: NKE-WCT 1/5M | C7: 211 | E7: =E6+C7-D7 -> 2659 | F7: cocok
A8: 43286 | B8: TBP-MEIKARTA | D8: 1 | E8: =E7+C8-D8 -> 2658
A9: 43317 | B9: TAKENAKA-ASAHIMAS | D9: 1 | E9: =E8+C9-D9 -> 2657 | F9: cocok
A10: 19/5/2018 | B10: NKE-WCT-MEGA KUNINGAN | C10: 18 | E10: =E9+C10-D10 -> 2675 | F10: cocok

Sheet PRIMER BEAM 2M
A1: NAMA BARANG : PRIMER BEAM 2M
A4: TGL | B4: KETERANGAN | C4: MASUK | D4: KELUAR | E4: SISA
B5: SISA STOK 2017 | E5: 83

Sheet PRIMER BEAM 3 M
A1: NAMA BARANG : PRIMER BEAM 3M
A3: TGL | B3: KETERANGAN | C3: MASUK | D3: KELUAR | E3: SISA
B4: SISA ALAT 2017 | E4: 9

Sheet PHENOLIC 15X4X8
A1: NAMA BARANG : PHENOLIC FILM 15MMX4X8
A3: TGL | B3: KETERANGAN | C3: MASUK | D3: KELUAR | E3: SISA
B4: SISA ALAT 2017 | E4: 48

Sheet BAUT L+MUR 
A2: NAMA BARANG : BAUT L + MUR
A4: TGL | B4: KETERANGAN | C4: MASUK | D4: KELUAR | E4: SISA
B5: SISA ALAT 2017 | E5: 3338

Sheet BAUT 
A2: NAMA BARANG : BAUT
A4: TGL | B4: KETERANGAN | C4: MASUK | D4: KELUAR | E4: SISA
B5: SISA ALAT 2017 | E5: 0
A6: 20/2/2018 | B6: NKE-WCT | C6: 1100 | E6: 1100

Sheet BAUT+MUR
A2: NAMA BARANG : BAUT + MUR 10X20 CM
A4: TGL | B4: KETERANGAN | C4: MASUK | D4: KELUAR | E4: SISA
B5: SISA ALAT 2017 | E5: 2016
A6: 28/2/2018 | B6: NKE-WCT | C6: 740 | E6: =E5+C6-D6 -> 2756 | F6: COCOK

Sheet WASHER
A2: NAMA BARANG : WASHER
A4: TGL | B4: KETERANGAN | C4: MASUK | D4: KELUAR | E4: SISA
B5: SISA ALAT 2017 | E5: 1504

Sheet angkur+mur+washer
A1: PT.PERANCAH PRO ALAT
A3: NAMA BARANG : ANGKUR + MUR+WASHER
A5: TGL | B5: KETERANGAN | C5: MASUK | D5: KELUAR | E5: SISA
B6: SISA ALAT 2017 | E6: 1220

Sheet ADJUST BEAM BRASE 1
A1: NAMA BARANG : ADJUSTABLE BRACE 1000
A3: TGL | B3: KETERANGAN | C3: MASUK | D3: KELUAR | E3: SISA
B4: SISA ALAT 2017 | E4: 84
A5: 14/2/2018 | B5: NKE-WCT | C5: 65 | E5: =E4+C5-D5 -> 149 | F5: COCOK
A6: 20/2/2018 | B6: NKE-WCT | C6: 41 | E6: =E5+C6-D6 -> 190
A7: 28/2/2018 | B7: NKE-WCT | C7: 13 | E7: =E6+C7-D7 -> 203
A8: 43315 | B8: NKE-WCT | C8: 4 | E8: =E7+C8-D8 -> 207
A9: 28/4/2018 | B9: JAGAT-ALEXINDO | D9: 49 | E9: =E8+C9-D9 -> 158
